,Владение1,Владение2,Удары по воротам1,Удары по воротам2,Удары в створ1,Удары в створ2,Удары мимо1,Удары мимо2,Фолы1,Фолы2,Угловые удары1,Угловые удары2,Штрафные удары1,Штрафные удары2,Вне игры1,Вне игры2,Команда1,Команда2,Голы1,Голы2,Результат
0,36,64,8,18,3,4,5,14,12,8,2,5,7,12,1,1,Брентфорд , Арсенал,2,0,1
1,49,51,13,9,8,3,5,6,11,9,5,4,9,10,2,3,Манчестер Юнайтед , Лидс,5,1,1
2,36,64,11,12,3,8,8,4,10,7,7,6,7,10,1,0,Бернли , Брайтон,1,2,2
3,61,39,11,3,6,1,5,2,15,11,5,2,11,14,0,1,Челси , Кристал Пэлас,3,0,1
4,38,62,11,8,7,2,4,6,18,13,2,4,13,18,0,2,Уотфорд , Астон Вилла,3,2,1
5,49,51,11,4,6,3,5,1,13,15,6,8,14,11,0,0,Эвертон , Саутгемптон,3,1,1
6,56,44,8,10,5,3,3,7,6,10,5,4,10,6,5,4,Лестер , Вулверхэмптон,1,0,1
7,50,50,11,15,3,8,8,7,4,14,3,11,14,3,2,0,Норвич , Ливерпуль,0,3,2
8,47,53,10,13,3,9,7,4,4,3,7,6,3,4,1,2,Ньюкасл , Вест Хэм,2,4,2
9,35,65,8,13,3,4,5,9,11,8,3,11,8,11,3,1,Тоттенхэм , Манчестер Сити,1,0,1
10,66,34,19,8,9,3,10,5,6,12,8,4,12,6,3,7,Ливерпуль , Бернли,2,0,1
11,48,52,9,8,2,1,7,7,8,18,3,4,16,8,3,2,Астон Вилла , Ньюкасл,2,0,1
12,52,48,7,10,2,3,5,7,12,9,3,5,8,10,1,2,Кристал Пэлас , Брентфорд,0,0,0
13,70,30,10,13,4,8,6,5,6,13,8,5,12,6,0,0,Лидс , Эвертон,2,2,0
14,66,34,10,1,4,0,6,1,13,7,6,1,6,13,2,3,Манчестер Сити , Норвич,5,0,1
15,56,44,8,6,3,1,5,5,11,6,7,2,6,11,1,1,Брайтон , Уотфорд,2,0,1
16,37,63,7,11,3,4,4,7,12,10,7,7,10,12,0,2,Саутгемптон , Манчестер Юнайтед,1,1,0
17,57,43,15,6,6,6,9,0,9,7,5,4,7,9,2,0,Вулверхэмптон , Тоттенхэм,0,1,2
18,35,65,5,11,3,5,2,6,10,4,9,8,3,10,5,0,Арсенал , Челси,0,2,2
19,51,49,17,3,7,1,10,2,8,8,10,0,8,8,2,0,Вест Хэм , Лестер,4,1,1
20,80,20,15,1,10,0,5,1,5,7,14,0,7,5,1,3,Манчестер Сити , Арсенал,5,0,1
21,46,54,7,5,4,2,3,3,10,7,5,3,5,10,1,2,Вест Хэм , Кристал Пэлас,2,2,0
22,47,53,7,4,5,2,2,2,15,14,3,2,13,14,1,2,Астон Вилла , Брентфорд,1,1,0
23,65,35,8,9,3,5,5,4,7,9,4,5,8,7,1,0,Брайтон , Эвертон,0,2,2
24,37,63,10,13,5,6,5,7,11,6,4,4,5,10,5,0,Ньюкасл , Саутгемптон,2,2,0
25,45,55,10,8,4,3,6,5,8,9,9,9,9,7,2,2,Норвич , Лестер,1,2,2
26,65,35,19,4,7,3,12,1,13,4,12,3,3,12,0,2,Ливерпуль , Челси,1,1,0
27,36,64,8,7,3,2,5,5,13,9,5,5,9,12,2,2,Бернли , Лидс,1,1,0
28,57,43,12,6,8,2,4,4,8,14,10,3,14,8,2,1,Тоттенхэм , Уотфорд,1,0,1
29,45,55,12,8,6,3,6,5,7,9,5,7,9,7,5,4,Вулверхэмптон , Манчестер Юнайтед,0,1,2
30,62,38,11,2,4,1,7,1,13,15,8,2,11,13,0,0,Кристал Пэлас , Тоттенхэм,3,0,1
31,44,56,6,11,2,5,4,6,15,13,6,8,13,13,1,2,Уотфорд , Вулверхэмптон,0,2,2
32,40,60,4,15,1,8,3,7,4,11,5,8,10,4,2,4,Лестер , Манчестер Сити,0,1,2
33,42,58,8,6,3,3,5,3,10,12,5,4,12,10,0,2,Саутгемптон , Вест Хэм,0,0,0
34,64,36,16,9,7,3,9,6,9,2,7,3,2,9,1,3,Манчестер Юнайтед , Ньюкасл,4,1,1
35,51,49,20,4,7,1,13,3,9,11,8,4,11,9,2,0,Арсенал , Норвич,1,0,1
36,42,58,7,3,1,2,6,1,9,12,1,6,12,9,0,2,Брентфорд , Брайтон,0,1,2
37,56,44,10,9,4,6,6,3,11,11,4,11,10,11,2,1,Челси , Астон Вилла,3,0,1
38,45,55,8,15,4,9,4,6,9,8,2,11,7,9,2,4,Лидс , Ливерпуль,0,3,2
39,51,49,10,9,6,6,4,3,3,6,4,6,5,3,2,2,Эвертон , Бернли,3,1,1
40,36,64,15,18,7,9,8,9,9,11,4,5,11,9,1,1,Ньюкасл , Лидс,1,1,0
41,61,39,8,8,0,3,8,5,10,7,4,2,6,10,2,2,Вулверхэмптон , Брентфорд,0,2,2
42,59,41,15,7,10,2,5,5,17,11,10,5,9,16,1,3,Ливерпуль , Кристал Пэлас,3,0,1
43,63,37,9,4,1,2,8,2,5,12,8,5,10,5,4,0,Манчестер Сити , Саутгемптон,0,0,0
44,49,51,8,11,5,8,3,3,10,14,4,8,14,9,1,0,Норвич , Уотфорд,1,3,2
45,45,55,13,7,3,3,10,4,9,8,8,3,8,9,4,2,Бернли , Арсенал,0,1,2
46,55,45,9,6,3,1,6,5,7,10,5,4,10,7,0,2,Астон Вилла , Эвертон,3,0,1
47,40,60,9,14,4,10,5,4,5,8,2,11,6,5,2,0,Вест Хэм , Манчестер Юнайтед,1,2,2
48,38,62,9,8,5,3,4,5,8,10,4,9,9,7,3,2,Брайтон , Лестер,2,1,1
49,47,53,6,13,2,10,4,3,4,15,5,11,15,4,0,1,Тоттенхэм , Челси,0,3,2
50,41,59,1,9,0,4,1,5,12,10,4,13,9,12,3,4,Челси , Манчестер Сити,0,1,2
51,59,41,15,6,4,3,11,3,9,13,5,5,11,9,2,3,Манчестер Юнайтед , Астон Вилла,0,1,2
52,47,53,7,7,4,2,3,5,12,9,6,4,9,11,1,0,Эвертон , Норвич,2,0,1
53,52,48,10,14,4,6,6,8,19,12,5,6,10,17,1,1,Уотфорд , Ньюкасл,1,1,0
54,67,33,11,7,5,3,6,4,10,8,8,4,8,10,1,4,Лестер , Бернли,2,2,0
55,53,47,9,16,5,7,4,9,10,6,5,7,5,10,2,0,Лидс , Вест Хэм,1,2,2
56,33,67,10,12,4,6,6,6,8,7,2,11,7,8,4,4,Брентфорд , Ливерпуль,3,3,0
57,57,43,11,3,6,3,5,0,12,8,5,5,8,11,3,1,Саутгемптон , Вулверхэмптон,0,1,2
58,47,53,11,9,7,4,4,5,12,13,4,4,12,12,2,4,Арсенал , Тоттенхэм,3,1,1
59,47,53,5,6,3,4,2,2,12,10,6,5,9,11,1,0,Кристал Пэлас , Брайтон,1,1,0
60,71,29,12,8,6,2,6,6,10,9,10,1,9,10,2,2,Манчестер Юнайтед , Эвертон,1,1,0
61,51,49,6,5,3,2,3,3,15,5,0,4,5,15,2,1,Вулверхэмптон , Ньюкасл,2,1,1
62,56,44,7,4,4,2,3,2,13,3,9,5,3,13,2,1,Бернли , Норвич,0,0,0
63,61,39,15,5,9,2,6,3,11,13,7,2,13,11,1,0,Челси , Саутгемптон,3,1,1
64,66,34,14,3,4,1,10,2,10,16,6,3,15,9,0,0,Лидс , Уотфорд,1,0,1
65,58,42,14,7,2,2,12,5,8,5,8,5,5,8,1,1,Брайтон , Арсенал,0,0,0
66,59,41,11,9,5,6,6,3,16,13,11,6,13,16,2,1,Вест Хэм , Брентфорд,1,2,2
67,60,40,13,7,4,5,9,2,15,11,1,3,11,15,2,1,Кристал Пэлас , Лестер,2,2,0
68,56,44,14,8,8,3,6,5,11,14,5,8,14,11,0,1,Тоттенхэм , Астон Вилла,2,1,1
69,49,51,4,7,4,3,0,4,10,12,3,4,12,10,2,5,Ливерпуль , Манчестер Сити,2,2,0
70,24,76,5,14,2,8,3,6,4,10,1,9,10,4,8,2,Уотфорд , Ливерпуль,0,5,2
71,46,54,17,2,5,0,12,2,16,14,8,1,14,15,1,2,Саутгемптон , Лидс,1,0,1
72,49,51,17,15,11,6,6,9,5,17,4,3,17,5,2,3,Лестер , Манчестер Юнайтед,4,2,1
73,49,51,12,7,5,4,7,3,8,17,6,7,17,8,1,2,Астон Вилла , Вулверхэмптон,2,3,2
74,70,30,11,6,6,2,5,4,11,5,6,2,5,10,0,3,Манчестер Сити , Бернли,2,0,1
75,36,64,8,7,3,3,5,4,5,14,8,4,14,5,0,0,Норвич , Брайтон,0,0,0
76,44,56,10,4,7,1,3,3,13,8,5,5,8,13,1,4,Брентфорд , Челси,0,1,2
77,39,61,11,8,2,4,9,4,3,3,7,9,2,3,0,2,Эвертон , Вест Хэм,0,1,2
78,36,64,5,7,1,4,4,3,13,4,2,9,4,13,0,1,Ньюкасл , Тоттенхэм,2,3,2
79,53,47,13,9,6,6,7,3,7,4,6,4,3,7,0,3,Арсенал , Кристал Пэлас,2,2,0
80,53,47,17,7,9,4,8,3,17,10,7,4,10,16,1,0,Арсенал , Астон Вилла,3,1,1
81,61,39,20,2,13,1,7,1,14,16,5,0,14,13,1,0,Челси , Норвич,7,0,1
82,75,25,9,5,3,2,6,3,13,9,3,7,9,13,2,3,Кристал Пэлас , Ньюкасл,1,1,0
83,63,37,13,6,4,4,9,2,15,14,6,3,12,15,1,1,Лидс , Вулверхэмптон,1,1,0
84,50,50,10,15,4,8,6,7,9,13,3,5,12,8,1,0,Эвертон , Уотфорд,2,5,2
85,61,39,11,8,4,5,7,3,10,11,6,2,10,10,1,1,Саутгемптон , Бернли,2,2,0
86,48,52,9,17,5,14,4,3,10,6,7,6,6,9,2,1,Брайтон , Манчестер Сити,1,4,2
87,38,62,9,6,4,4,5,2,11,4,2,4,3,10,1,0,Вест Хэм , Тоттенхэм,1,0,1
88,54,46,11,9,5,6,6,3,13,7,9,2,7,13,3,1,Брентфорд , Лестер,1,2,2
89,37,63,10,13,4,8,6,5,10,8,6,3,8,10,7,0,Манчестер Юнайтед , Ливерпуль,0,5,2
90,64,36,13,6,8,5,5,1,8,11,7,6,11,8,2,1,Лестер , Арсенал,0,2,2
91,21,79,3,12,1,6,2,6,14,12,0,2,11,13,1,4,Ньюкасл , Челси,0,3,2
92,39,61,10,7,4,1,6,6,16,6,5,8,6,16,2,0,Уотфорд , Саутгемптон,0,1,2
93,67,33,7,7,3,3,4,4,11,11,7,1,10,11,2,5,Манчестер Сити , Кристал Пэлас,0,2,2
94,41,59,15,8,6,5,9,3,7,10,4,2,10,7,3,4,Бернли , Брентфорд,3,1,1
95,58,42,8,8,3,6,5,2,8,5,5,3,5,7,1,5,Ливерпуль , Брайтон,2,2,0
96,58,42,6,6,0,4,6,2,12,14,10,2,14,12,4,1,Тоттенхэм , Манчестер Юнайтед,0,3,2
97,48,52,9,8,3,6,6,2,14,23,5,0,23,13,0,0,Норвич , Лидс,1,2,2
98,43,57,8,13,3,8,5,5,7,13,3,6,13,7,2,0,Астон Вилла , Вест Хэм,1,4,2
99,62,38,7,10,4,5,3,5,10,8,4,3,8,10,1,2,Вулверхэмптон , Эвертон,2,1,1
100,56,44,7,10,3,3,4,7,12,12,10,8,12,12,0,2,Саутгемптон , Астон Вилла,1,0,1
101,33,67,4,12,1,5,3,7,9,12,1,9,12,9,4,1,Манчестер Юнайтед , Манчестер Сити,0,2,2
102,64,36,12,8,7,5,5,3,12,13,6,2,13,12,2,3,Брентфорд , Норвич,1,2,2
103,69,31,14,4,4,2,10,2,6,9,14,2,9,6,1,4,Челси , Бернли,1,1,0
104,59,41,11,4,6,2,5,2,14,13,4,6,13,13,1,1,Кристал Пэлас , Вулверхэмптон,2,0,1
105,65,35,11,5,5,1,6,4,16,10,2,5,9,15,1,1,Брайтон , Ньюкасл,1,1,0
106,60,40,11,3,6,1,5,2,6,19,4,2,19,6,3,3,Арсенал , Уотфорд,1,0,1
107,55,45,14,9,5,3,9,6,12,5,10,5,5,12,1,2,Лидс , Лестер,1,1,0
108,45,55,6,4,2,0,4,4,13,17,4,2,17,13,1,2,Эвертон , Тоттенхэм,0,0,0
109,31,69,5,10,3,5,2,5,11,6,3,2,6,9,2,0,Вест Хэм , Ливерпуль,3,2,1
110,39,61,4,14,3,7,1,7,15,8,3,5,8,15,3,4,Лестер , Челси,0,3,2
111,52,48,18,8,9,4,9,4,13,11,8,2,11,12,0,2,Ньюкасл , Брентфорд,3,3,0
112,37,63,6,2,5,2,1,0,7,13,5,7,13,7,1,0,Астон Вилла , Брайтон,2,0,1
113,40,60,13,14,9,8,4,6,14,15,3,6,15,14,1,0,Бернли , Кристал Пэлас,3,3,0
114,52,48,12,6,5,3,7,3,6,9,7,3,8,6,0,1,Вулверхэмптон , Вест Хэм,1,0,1
115,39,61,13,8,7,3,6,5,7,5,9,3,5,7,1,4,Уотфорд , Манчестер Юнайтед,4,1,1
116,37,63,6,9,4,5,2,4,8,9,5,7,9,8,0,1,Норвич , Саутгемптон,2,1,1
117,62,38,12,3,9,3,3,0,15,12,6,1,11,15,2,8,Ливерпуль , Арсенал,4,0,1
118,77,23,13,1,7,1,6,0,5,7,7,1,7,5,0,2,Манчестер Сити , Эвертон,3,0,1
119,44,56,7,14,4,7,3,7,11,12,4,8,12,11,4,1,Тоттенхэм , Лидс,2,1,1
120,65,35,18,7,6,5,12,2,6,12,4,4,12,5,0,3,Арсенал , Ньюкасл,2,0,1
121,63,37,7,8,3,3,4,5,12,10,7,3,10,11,1,0,Кристал Пэлас , Астон Вилла,1,2,2
122,64,36,15,4,6,3,9,1,7,14,5,7,14,7,2,2,Ливерпуль , Саутгемптон,4,0,1
123,44,56,11,5,4,2,7,3,11,10,4,3,10,11,1,0,Норвич , Вулверхэмптон,0,0,0
124,56,44,18,9,4,4,14,5,12,14,6,1,14,12,2,1,Брайтон , Лидс,0,0,0
125,40,60,6,9,4,5,2,4,8,11,3,3,11,8,0,3,Брентфорд , Эвертон,1,0,1
126,56,44,12,13,8,5,4,8,5,20,8,6,18,5,5,2,Лестер , Уотфорд,4,2,1
127,68,32,15,4,9,3,6,1,7,6,8,4,6,7,4,4,Манчестер Сити , Вест Хэм,2,1,1
128,65,35,16,3,6,2,10,1,13,14,15,2,14,13,2,1,Челси , Манчестер Юнайтед,1,1,0
129,32,68,7,11,1,6,6,5,8,11,2,5,10,8,0,3,Ньюкасл , Норвич,1,1,0
130,61,39,6,5,3,1,3,4,15,15,7,4,14,15,2,0,Лидс , Кристал Пэлас,1,0,1
131,45,55,11,12,7,6,4,6,14,11,2,4,11,14,1,2,Саутгемптон , Лестер,2,2,0
132,50,50,10,7,6,4,4,3,18,16,6,0,16,18,3,5,Уотфорд , Челси,1,2,2
133,35,65,12,7,6,3,6,4,10,8,9,5,7,10,1,0,Вест Хэм , Брайтон,1,1,0
134,65,35,11,4,2,1,9,3,5,7,5,5,6,5,1,3,Вулверхэмптон , Бернли,0,0,0
135,32,68,4,12,2,7,2,5,8,16,3,11,15,4,3,1,Эвертон , Ливерпуль,1,4,2
136,36,64,6,12,3,7,3,5,8,12,4,11,11,8,1,0,Астон Вилла , Манчестер Сити,1,2,2
137,47,53,9,5,6,2,3,3,13,11,11,5,11,13,0,0,Тоттенхэм , Брентфорд,2,0,1
138,45,55,13,13,10,8,3,5,9,10,3,8,10,8,0,1,Манчестер Юнайтед , Арсенал,3,2,1
139,37,63,11,11,5,7,6,4,10,10,1,9,9,10,3,1,Вест Хэм , Челси,3,2,1
140,45,55,10,8,4,4,6,4,15,12,6,2,12,15,0,0,Саутгемптон , Брайтон,1,1,0
141,33,67,3,13,1,5,2,8,4,7,2,8,7,4,7,1,Вулверхэмптон , Ливерпуль,0,1,2
142,48,52,8,6,4,1,4,5,11,9,10,3,9,11,0,1,Ньюкасл , Бернли,1,0,1
143,23,77,10,21,4,13,6,8,11,7,5,11,7,11,0,1,Уотфорд , Манчестер Сити,1,3,2
144,41,59,15,7,7,1,8,6,11,4,6,4,4,11,2,4,Тоттенхэм , Норвич,3,0,1
145,61,39,10,5,3,2,7,3,16,9,9,6,9,16,3,0,Манчестер Юнайтед , Кристал Пэлас,1,0,1
146,63,37,10,5,6,3,4,2,11,9,5,1,8,11,7,0,Лидс , Брентфорд,2,2,0
147,42,58,8,10,4,5,4,5,8,25,3,6,25,8,1,0,Астон Вилла , Лестер,2,1,1
148,37,63,8,7,5,3,3,4,8,12,3,3,12,8,5,1,Эвертон , Арсенал,2,1,1
149,63,37,9,5,5,2,4,3,12,18,8,2,18,12,1,0,Брентфорд , Уотфорд,2,1,1
150,71,29,18,2,10,1,8,1,12,5,14,1,4,10,1,0,Манчестер Сити , Вулверхэмптон,1,0,1
151,57,43,11,6,6,5,5,1,9,15,5,2,15,9,1,4,Челси , Лидс,3,2,1
152,62,38,13,2,5,0,8,2,13,6,11,3,6,13,2,1,Ливерпуль , Астон Вилла,1,0,1
153,61,39,12,8,5,6,7,2,5,9,9,8,8,5,3,1,Арсенал , Саутгемптон,3,0,1
154,48,52,6,9,5,5,1,4,6,17,8,6,17,6,0,1,Норвич , Манчестер Юнайтед,0,1,2
155,41,59,6,11,1,3,5,8,13,11,6,14,9,12,1,1,Бернли , Вест Хэм,0,0,0
156,48,52,7,6,5,3,2,3,9,16,4,6,15,9,0,1,Лестер , Ньюкасл,4,0,1
157,61,39,11,7,6,6,5,1,15,14,8,2,13,15,1,0,Кристал Пэлас , Эвертон,3,1,1
158,50,50,4,9,3,6,1,3,12,9,7,10,9,12,0,0,Норвич , Астон Вилла,0,2,2
159,64,36,24,5,15,3,9,2,5,9,6,2,9,5,1,0,Манчестер Сити , Лидс,7,0,1
160,59,41,9,7,2,5,7,2,11,15,7,4,15,11,1,1,Брайтон , Вулверхэмптон,0,1,2
161,59,41,8,11,6,4,2,7,16,20,4,6,20,14,1,3,Кристал Пэлас , Саутгемптон,2,2,0
162,56,44,13,4,8,1,5,3,9,9,5,2,9,7,0,0,Арсенал , Вест Хэм,2,0,1
163,80,20,20,4,10,3,10,1,11,11,7,1,10,11,0,2,Челси , Эвертон,1,1,0
164,74,26,17,5,8,3,9,2,9,4,11,0,4,9,2,1,Ливерпуль , Ньюкасл,3,1,1
165,50,50,8,15,2,12,6,3,11,7,1,4,6,11,0,1,Лидс , Арсенал,1,4,2
166,29,71,5,15,1,7,4,8,9,6,3,6,6,8,4,2,Ньюкасл , Манчестер Сити,0,4,2
167,37,63,2,2,1,1,1,1,9,7,4,9,5,9,2,4,Вулверхэмптон , Челси,0,0,0
168,44,56,8,12,5,6,3,6,12,11,6,4,11,11,3,1,Тоттенхэм , Ливерпуль,2,2,0
169,71,29,12,13,9,8,3,5,11,9,14,4,9,11,2,1,Манчестер Сити , Лестер,6,3,1
170,36,64,3,10,2,6,1,4,13,7,3,5,7,13,3,2,Норвич , Арсенал,0,5,2
171,59,41,12,2,6,0,6,2,16,9,4,2,9,15,1,0,Тоттенхэм , Кристал Пэлас,3,0,1
172,55,45,8,8,5,6,3,2,10,9,10,2,9,10,2,1,Вест Хэм , Саутгемптон,2,3,2
173,43,57,3,7,1,4,2,3,8,11,2,5,11,8,2,2,Астон Вилла , Челси,1,3,2
174,50,50,12,12,5,6,7,6,8,10,6,9,9,8,2,3,Брайтон , Брентфорд,2,0,1
175,32,68,11,7,8,4,3,3,11,8,2,3,8,11,2,3,Ньюкасл , Манчестер Юнайтед,1,1,0
176,50,50,12,5,6,3,6,2,9,13,8,8,13,9,1,3,Кристал Пэлас , Норвич,3,0,1
177,43,57,10,9,5,6,5,3,12,12,4,5,11,12,0,1,Уотфорд , Вест Хэм,1,4,2
178,35,65,5,16,2,11,3,5,15,5,3,7,3,15,3,3,Саутгемптон , Тоттенхэм,1,1,0
179,37,63,3,16,1,4,2,12,8,11,1,12,10,8,3,1,Лестер , Ливерпуль,1,0,1
180,48,52,8,14,5,6,3,8,14,7,10,8,7,12,1,0,Челси , Брайтон,1,1,0
181,24,76,4,8,2,3,2,5,12,10,3,5,10,12,0,3,Брентфорд , Манчестер Сити,0,1,2
182,57,43,15,7,6,3,9,4,5,10,7,5,10,5,2,4,Манчестер Юнайтед , Бернли,3,1,1
183,49,51,9,20,4,10,5,10,6,12,3,8,12,5,1,0,Лестер , Тоттенхэм,2,3,2
184,44,56,13,7,9,5,4,2,7,9,6,9,7,6,3,0,Брентфорд , Манчестер Юнайтед,1,3,2
185,49,51,10,4,6,4,4,0,9,8,5,2,8,9,0,1,Саутгемптон , Брентфорд,4,1,1
186,61,39,10,6,5,3,5,3,9,8,11,2,8,9,4,3,Вест Хэм , Норвич,2,0,1
187,29,71,6,8,2,2,4,6,13,5,5,5,4,12,1,2,Арсенал , Манчестер Сити,1,2,2
188,26,74,6,15,4,9,2,6,6,9,3,7,9,6,1,3,Уотфорд , Тоттенхэм,0,1,2
189,62,38,17,9,6,5,11,4,6,16,9,1,15,4,0,2,Кристал Пэлас , Вест Хэм,2,3,2
190,46,54,10,11,4,5,6,6,17,11,3,7,11,17,0,4,Брентфорд , Астон Вилла,2,1,1
191,55,45,13,6,7,2,6,4,11,7,9,3,7,11,5,1,Лидс , Бернли,3,1,1
192,50,50,13,8,6,5,7,3,5,12,8,5,12,4,1,1,Эвертон , Брайтон,2,3,2
193,55,45,11,8,6,6,5,2,5,13,6,7,13,5,3,3,Челси , Ливерпуль,2,2,0
194,51,49,6,13,2,6,4,7,9,8,3,8,8,9,2,3,Манчестер Юнайтед , Вулверхэмптон,0,1,2
195,63,37,14,2,4,1,10,1,11,7,9,0,7,10,1,2,Брайтон , Кристал Пэлас,1,1,0
196,55,45,9,3,6,1,3,2,11,6,9,1,6,11,3,4,Манчестер Сити , Челси,1,0,1
197,43,57,8,13,5,10,3,3,13,14,2,10,14,12,2,1,Вулверхэмптон , Саутгемптон,3,1,1
198,52,48,9,11,1,5,8,6,13,13,4,6,12,13,1,1,Ньюкасл , Уотфорд,1,1,0
199,41,59,9,6,3,5,6,1,12,14,8,8,14,11,3,1,Норвич , Эвертон,2,1,1
200,54,46,13,10,9,6,4,4,8,13,3,6,13,8,1,1,Астон Вилла , Манчестер Юнайтед,2,2,0
201,48,52,11,14,5,5,6,9,6,9,4,3,9,6,1,1,Вест Хэм , Лидс,2,3,2
202,68,32,21,4,13,1,8,3,6,6,9,0,5,6,2,7,Ливерпуль , Брентфорд,3,0,1
203,68,32,11,4,4,2,7,2,16,11,5,1,11,16,1,1,Уотфорд , Норвич,0,3,2
204,50,50,8,7,1,3,7,4,14,16,9,2,16,13,3,1,Эвертон , Астон Вилла,0,1,2
205,50,50,6,5,1,2,5,3,6,7,6,3,7,6,0,4,Брентфорд , Вулверхэмптон,1,2,2
206,63,37,8,7,4,3,4,4,9,9,6,7,8,9,0,0,Лидс , Ньюкасл,0,1,2
207,56,44,12,4,3,1,9,3,9,8,3,3,8,9,4,1,Манчестер Юнайтед , Вест Хэм,1,0,1
208,26,74,6,13,3,5,3,8,13,5,2,11,4,13,2,0,Саутгемптон , Манчестер Сити,1,1,0
209,44,56,8,13,5,7,3,6,12,10,2,5,10,11,5,2,Кристал Пэлас , Ливерпуль,1,3,2
210,75,25,13,7,5,1,8,6,9,13,12,4,12,8,0,2,Арсенал , Бернли,0,0,0
211,44,56,8,9,5,5,3,4,6,8,4,5,8,6,3,3,Лестер , Брайтон,1,1,0
212,64,36,12,5,7,3,5,2,17,14,10,3,14,17,0,1,Челси , Тоттенхэм,2,0,1
213,44,56,5,8,2,3,3,5,8,5,5,7,5,6,1,0,Брайтон , Челси,1,1,0
214,35,65,10,9,4,2,6,7,8,8,3,7,8,8,3,2,Бернли , Тоттенхэм,1,0,1
215,51,49,9,9,2,5,7,4,16,9,4,7,8,16,3,0,Бернли , Уотфорд,0,0,0
216,50,50,11,9,7,3,4,6,8,10,10,2,9,8,1,1,Манчестер Юнайтед , Брайтон,2,0,1
217,46,54,5,7,1,5,4,2,12,9,6,4,8,12,2,1,Уотфорд , Кристал Пэлас,1,4,2
218,63,37,20,3,15,2,5,1,5,11,4,0,10,5,1,6,Ливерпуль , Лидс,6,0,1
219,55,45,16,6,5,2,11,4,8,9,5,4,8,8,2,2,Арсенал , Вулверхэмптон,2,1,1
220,40,60,15,6,9,3,6,3,13,13,6,2,12,13,1,1,Ньюкасл , Эвертон,3,1,1
221,64,36,7,5,3,1,4,4,1,6,5,6,6,1,3,1,Вест Хэм , Уотфорд,1,0,1
222,36,64,8,10,3,5,5,5,11,10,2,10,10,10,2,1,Бернли , Манчестер Юнайтед,1,1,0
223,48,52,5,20,3,10,2,10,7,13,2,8,13,7,3,1,Тоттенхэм , Саутгемптон,2,3,2
224,75,25,13,4,7,2,6,2,7,13,9,3,12,6,2,10,Манчестер Сити , Брентфорд,2,0,1
225,29,71,3,9,1,5,2,4,11,16,4,6,15,11,1,2,Норвич , Кристал Пэлас,1,1,0
226,40,60,10,13,4,8,6,5,11,9,6,11,9,10,1,2,Астон Вилла , Лидс,3,3,0
227,58,42,11,5,4,2,7,3,12,13,7,4,13,12,1,2,Вулверхэмптон , Арсенал,0,1,2
228,65,35,18,4,11,1,7,3,11,7,7,6,6,11,3,4,Ливерпуль , Лестер,2,0,1
229,52,48,10,10,8,4,2,6,12,13,1,4,11,12,7,1,Манчестер Юнайтед , Саутгемптон,1,1,0
230,42,58,12,4,10,0,2,4,8,9,5,3,9,8,1,0,Эвертон , Лидс,3,0,1
231,36,64,6,8,1,6,5,2,16,9,4,5,7,16,1,1,Уотфорд , Брайтон,0,2,2
232,43,57,7,5,2,3,5,2,10,10,3,9,10,10,0,0,Брентфорд , Кристал Пэлас,0,0,0
233,29,71,7,17,3,9,4,8,7,8,4,12,7,6,2,2,Норвич , Манчестер Сити,0,4,2
234,37,63,6,7,2,1,4,6,22,15,3,6,15,21,3,2,Ньюкасл , Астон Вилла,1,0,1
235,58,42,12,8,7,7,5,1,13,13,7,3,13,12,3,1,Тоттенхэм , Вулверхэмптон,0,2,2
236,33,67,8,9,5,4,3,5,7,6,5,8,6,6,7,3,Бернли , Ливерпуль,0,1,2
237,55,45,9,5,2,3,7,2,10,9,5,4,8,10,0,0,Лестер , Вест Хэм,2,2,0
238,47,53,5,8,3,3,2,5,3,7,3,7,7,3,2,1,Вест Хэм , Ньюкасл,1,1,0
239,66,34,16,3,8,2,8,1,10,5,14,0,4,9,1,2,Арсенал , Брентфорд,2,1,1
240,55,45,16,5,11,0,5,5,6,9,4,4,9,6,4,2,Саутгемптон , Эвертон,2,0,1
241,43,57,5,6,0,3,5,3,4,20,4,4,19,4,1,3,Кристал Пэлас , Челси,0,1,2
242,69,31,19,5,8,1,11,4,7,8,9,4,8,6,1,5,Ливерпуль , Норвич,3,1,1
243,68,32,7,6,1,4,6,2,12,12,4,4,12,11,1,3,Брайтон , Бернли,0,3,2
244,59,41,12,7,1,4,11,3,12,7,10,5,7,12,0,0,Астон Вилла , Уотфорд,0,1,2
245,71,29,15,6,4,5,11,1,5,7,10,0,6,5,1,3,Манчестер Сити , Тоттенхэм,2,3,2
246,54,46,12,11,6,9,6,2,13,19,3,3,18,13,4,2,Лидс , Манчестер Юнайтед,2,4,2
247,37,63,8,13,3,7,5,6,12,9,7,10,9,11,2,2,Вулверхэмптон , Лестер,2,1,1
248,58,42,21,4,9,1,12,3,12,9,13,6,9,11,2,1,Саутгемптон , Норвич,2,0,1
249,50,50,13,13,3,11,10,2,16,11,3,6,11,16,0,3,Лидс , Тоттенхэм,0,4,2
250,38,62,4,21,1,11,3,10,9,7,6,6,6,8,0,0,Брентфорд , Ньюкасл,0,2,2
251,59,41,6,3,4,1,2,2,5,16,5,4,16,5,0,2,Кристал Пэлас , Бернли,1,1,0
252,67,33,15,7,3,2,12,5,2,7,4,3,7,2,2,2,Манчестер Юнайтед , Уотфорд,0,0,0
253,66,34,7,6,1,4,6,2,17,11,7,2,11,16,0,0,Брайтон , Астон Вилла,0,2,2
254,33,67,5,11,2,8,3,3,7,14,3,4,14,7,4,2,Эвертон , Манчестер Сити,0,1,2
255,39,61,12,5,4,1,8,4,8,2,3,5,2,7,2,1,Вест Хэм , Вулверхэмптон,1,0,1
256,49,51,7,11,0,7,7,4,11,9,6,3,9,11,3,1,Брайтон , Тоттенхэм,0,2,2
257,65,35,9,5,5,0,4,5,11,10,5,2,9,10,1,4,Вулверхэмптон , Уотфорд,4,0,1
258,50,50,3,11,1,9,2,2,17,11,3,5,11,17,3,5,Лидс , Астон Вилла,0,3,2
259,39,61,6,12,3,6,3,6,13,11,5,7,11,12,1,1,Эвертон , Ньюкасл,1,0,1
260,67,33,9,5,5,4,4,1,6,7,12,5,7,5,1,1,Саутгемптон , Ньюкасл,1,2,2
261,45,55,6,12,2,6,4,6,10,13,6,8,13,10,4,3,Бернли , Лестер,0,2,2
262,49,51,5,5,2,3,3,2,9,9,1,6,9,7,4,2,Арсенал , Ливерпуль,0,2,2
263,51,49,4,13,4,4,0,9,9,12,5,10,12,9,2,0,Лестер , Лидс,1,0,1
264,39,61,13,8,9,1,4,7,10,8,4,7,8,10,0,1,Астон Вилла , Саутгемптон,4,0,1
265,64,36,9,9,5,8,4,1,13,8,7,7,8,12,1,8,Вулверхэмптон , Кристал Пэлас,0,2,2
266,33,67,8,7,4,4,4,3,8,10,4,7,9,8,0,4,Ньюкасл , Брайтон,2,1,1
267,59,41,10,7,7,6,3,1,13,18,5,5,16,12,1,3,Норвич , Брентфорд,1,3,2
268,28,72,3,5,1,5,2,0,12,7,5,2,7,12,1,1,Бернли , Челси,0,4,2
269,68,32,15,10,5,5,10,5,7,7,4,6,7,7,1,4,Ливерпуль , Вест Хэм,1,0,1
270,43,57,10,13,7,4,3,9,5,12,1,5,12,5,2,0,Уотфорд , Арсенал,2,3,2
271,69,31,16,3,10,2,6,1,10,14,9,3,14,9,0,1,Манчестер Сити , Манчестер Юнайтед,4,1,1
272,55,45,12,2,7,0,5,2,15,10,5,2,9,15,0,1,Тоттенхэм , Эвертон,5,0,1
273,51,49,7,15,3,9,4,6,12,15,7,6,13,11,1,1,Брайтон , Ливерпуль,0,2,2
274,54,46,7,6,4,1,3,5,6,10,2,9,10,6,4,4,Брентфорд , Бернли,2,0,1
275,44,56,9,5,6,3,3,2,8,7,4,5,6,7,0,2,Манчестер Юнайтед , Тоттенхэм,3,2,1
276,38,62,7,8,2,3,5,5,13,11,5,2,11,12,7,0,Эвертон , Вулверхэмптон,0,1,2
277,48,52,9,9,4,7,5,2,9,3,5,7,3,8,0,0,Вест Хэм , Астон Вилла,2,1,1
278,62,38,12,8,7,5,5,3,8,12,11,3,11,7,0,0,Саутгемптон , Уотфорд,1,2,2
279,72,28,7,7,3,2,4,5,17,17,7,2,17,16,3,6,Челси , Ньюкасл,1,0,1
280,52,48,12,8,7,4,5,4,18,8,6,2,8,18,2,3,Лидс , Норвич,2,1,1
281,46,54,12,4,8,3,4,1,8,10,2,6,9,7,2,0,Арсенал , Лестер,2,0,1
282,27,73,6,13,1,4,5,9,6,11,2,6,11,6,2,3,Кристал Пэлас , Манчестер Сити,0,0,0
283,34,66,7,12,3,7,4,5,8,15,3,8,13,8,2,1,Норвич , Челси,1,3,2
284,48,52,12,13,8,6,4,7,13,14,2,5,14,13,1,3,Вулверхэмптон , Лидс,2,3,2
285,47,53,7,6,1,3,6,3,13,14,6,5,14,12,1,1,Астон Вилла , Арсенал,0,1,2
286,52,48,10,9,4,6,6,3,10,10,2,5,10,10,2,3,Лестер , Брентфорд,2,1,1
287,52,48,12,6,4,1,8,5,7,7,5,3,7,7,1,0,Тоттенхэм , Вест Хэм,3,1,1
288,37,63,11,4,3,3,8,1,8,17,5,4,17,8,0,1,Эвертон , Лестер,1,1,0
289,50,50,10,8,4,4,6,4,11,16,9,6,15,11,1,0,Бернли , Эвертон,3,2,1
290,68,32,7,11,2,4,5,7,7,6,6,1,4,7,1,4,Челси , Арсенал,2,4,2
291,71,29,11,1,5,1,6,0,3,6,10,2,6,3,3,2,Ливерпуль , Манчестер Юнайтед,4,0,1
292,37,63,7,8,4,2,3,6,12,12,2,5,12,12,2,3,Ньюкасл , Кристал Пэлас,1,0,1
293,65,35,9,2,5,1,4,1,12,7,7,4,7,12,1,2,Манчестер Сити , Брайтон,3,0,1
294,43,57,10,7,6,3,4,4,7,7,10,10,7,7,3,2,Бернли , Саутгемптон,2,0,1
295,73,27,13,4,3,2,10,2,9,8,9,3,8,9,1,3,Ливерпуль , Уотфорд,2,0,1
296,24,76,3,15,1,6,2,9,11,6,1,8,5,11,5,0,Бернли , Манчестер Сити,0,2,2
297,63,37,22,3,4,0,18,3,12,11,11,2,9,11,1,1,Брайтон , Норвич,0,0,0
298,70,30,17,11,8,6,9,5,11,7,12,7,7,10,0,0,Челси , Брентфорд,1,4,2
299,49,51,9,12,5,5,4,7,15,8,4,9,8,15,1,1,Вулверхэмптон , Астон Вилла,2,1,1
300,55,45,5,10,3,6,2,4,14,7,4,7,7,14,0,0,Лидс , Саутгемптон,1,1,0
301,53,47,10,9,5,3,5,6,13,6,6,5,6,13,4,1,Манчестер Юнайтед , Лестер,1,1,0
302,55,45,9,8,5,2,4,6,9,12,2,4,11,9,1,1,Вест Хэм , Эвертон,2,1,1
303,60,40,14,4,6,1,8,3,10,7,2,3,7,10,0,4,Тоттенхэм , Ньюкасл,5,1,1
304,32,68,6,11,5,3,1,8,11,15,0,2,14,10,2,4,Кристал Пэлас , Арсенал,3,0,1
305,42,58,7,4,4,2,3,2,6,13,1,2,13,6,1,0,Ньюкасл , Вулверхэмптон,1,0,1
306,33,67,5,5,3,4,2,1,4,10,5,7,8,4,1,2,Эвертон , Манчестер Юнайтед,1,0,1
307,29,71,1,22,1,14,0,8,11,10,3,3,10,11,0,1,Саутгемптон , Челси,0,6,2
308,49,51,8,10,1,5,7,5,8,12,3,8,12,8,3,1,Уотфорд , Лидс,0,3,2
309,64,36,9,7,4,3,5,4,12,19,11,2,17,10,2,2,Арсенал , Брайтон,1,2,2
310,51,49,13,6,8,5,5,1,12,14,9,3,14,12,1,2,Астон Вилла , Тоттенхэм,0,4,2
311,45,55,12,13,6,4,6,9,12,10,6,7,9,12,3,3,Норвич , Бернли,2,0,1
312,50,50,6,6,3,3,3,3,11,12,3,4,12,11,0,0,Лестер , Кристал Пэлас,2,1,1
313,48,52,10,4,7,1,3,3,2,6,4,6,5,2,1,2,Брентфорд , Вест Хэм,2,0,1
314,55,45,9,6,5,4,4,2,9,11,4,1,10,8,5,2,Манчестер Сити , Ливерпуль,2,2,0
315,49,51,3,10,0,5,3,5,14,10,4,4,10,13,0,3,Тоттенхэм , Брайтон,0,1,2
316,50,50,13,12,4,5,9,7,11,9,6,5,8,11,0,0,Уотфорд , Брентфорд,1,2,2
317,60,40,14,11,9,4,5,7,8,6,6,7,6,8,3,0,Манчестер Юнайтед , Норвич,3,2,1
318,25,75,4,18,3,6,1,12,6,6,6,8,6,6,2,0,Саутгемптон , Арсенал,1,0,1
319,32,68,15,4,7,2,8,2,10,10,3,5,9,10,1,0,Ньюкасл , Лестер,2,1,1
320,61,39,16,7,8,1,8,6,9,11,13,4,10,9,1,1,Вест Хэм , Бернли,1,1,0
321,54,46,12,11,7,5,5,6,9,12,1,7,12,8,2,2,Арсенал , Манчестер Юнайтед,3,1,1
322,64,36,5,7,2,3,3,4,15,16,7,6,16,14,0,1,Лестер , Астон Вилла,0,0,0
323,46,54,5,13,2,7,3,6,11,10,2,3,10,11,1,0,Норвич , Ньюкасл,0,3,2
324,74,26,15,4,8,2,7,2,9,7,11,4,7,9,0,2,Манчестер Сити , Уотфорд,5,1,1
325,44,56,8,4,2,0,6,4,8,7,12,8,6,8,1,1,Брентфорд , Тоттенхэм,0,0,0
326,36,64,10,5,5,4,5,1,8,7,3,6,7,6,5,2,Бернли , Вулверхэмптон,1,0,1
327,66,34,14,4,5,2,9,2,11,9,3,1,8,10,2,2,Челси , Вест Хэм,1,0,1
328,49,51,5,11,5,5,0,6,12,7,6,6,6,12,2,3,Брайтон , Саутгемптон,2,2,0
329,82,18,15,5,4,1,11,4,8,8,13,1,7,7,1,0,Ливерпуль , Эвертон,2,0,1
330,52,48,13,6,7,2,6,4,12,13,6,3,13,12,1,1,Кристал Пэлас , Лидс,0,0,0
331,34,66,3,20,2,10,1,10,11,11,0,6,9,11,9,1,Ньюкасл , Ливерпуль,0,1,2
332,47,53,10,11,1,6,9,5,13,9,5,6,9,13,1,0,Уотфорд , Бернли,1,2,2
333,50,50,6,13,1,9,5,4,6,4,7,3,4,5,1,1,Вулверхэмптон , Брайтон,0,3,2
334,46,54,14,9,6,3,8,6,16,8,2,3,8,16,3,0,Астон Вилла , Норвич,2,0,1
335,39,61,6,8,3,5,3,3,13,11,6,7,9,13,0,4,Саутгемптон , Кристал Пэлас,1,2,2
336,41,59,3,12,2,6,1,6,13,3,3,6,3,13,3,1,Лидс , Манчестер Сити,0,4,2
337,36,64,4,15,3,6,1,9,9,12,2,9,10,9,2,3,Манчестер Юнайтед , Челси,1,1,0
338,71,29,16,7,9,5,7,2,11,20,13,6,20,10,1,0,Астон Вилла , Бернли,1,1,0
339,64,36,13,9,8,5,5,4,10,5,10,2,5,10,1,0,Лестер , Норвич,3,0,1
340,57,43,11,7,6,5,5,2,8,15,2,2,15,8,1,0,Тоттенхэм , Арсенал,3,0,1
341,67,33,12,2,7,1,5,1,13,7,6,0,7,13,1,1,Челси , Лестер,1,1,0
342,49,51,5,9,0,5,5,4,5,12,1,13,12,5,1,1,Уотфорд , Эвертон,0,0,0
343,40,60,9,14,4,6,5,8,10,12,2,3,12,9,3,2,Астон Вилла , Ливерпуль,1,2,2
344,33,67,4,14,0,4,4,10,10,14,1,5,13,9,0,3,Лидс , Челси,0,3,2
345,34,66,6,14,3,5,3,9,2,11,6,2,9,2,2,3,Вулверхэмптон , Манчестер Сити,1,5,2
346,44,56,10,7,6,5,4,2,9,12,4,5,11,9,0,3,Эвертон , Кристал Пэлас,3,2,1
347,40,60,11,5,7,2,4,3,13,8,7,3,8,13,2,0,Тоттенхэм , Лестер,3,1,1
348,22,78,8,12,4,5,4,7,9,12,3,8,11,9,0,2,Эвертон , Челси,1,0,1
349,56,44,4,11,3,7,1,4,7,9,3,7,7,6,1,0,Вест Хэм , Арсенал,1,2,2
350,64,36,8,9,5,4,3,5,4,6,3,8,6,4,3,2,Манчестер Юнайтед , Брентфорд,3,0,1
351,41,59,13,14,5,4,8,10,12,9,4,7,9,12,0,2,Брентфорд , Саутгемптон,3,0,1
352,59,41,14,13,6,4,8,9,7,11,9,3,11,7,2,1,Челси , Вулверхэмптон,2,2,0
353,49,51,13,9,6,7,7,2,13,11,4,5,11,13,1,2,Бернли , Астон Вилла,1,3,2
354,67,33,11,3,7,1,4,2,11,18,8,5,16,11,2,0,Кристал Пэлас , Уотфорд,1,0,1
355,42,58,13,12,6,5,7,7,13,9,7,6,9,12,3,3,Брайтон , Манчестер Юнайтед,4,0,1
356,64,36,9,5,3,3,6,2,12,8,11,5,7,12,0,0,Ливерпуль , Тоттенхэм,1,1,0
357,37,63,4,8,2,5,2,3,7,7,9,5,6,5,2,3,Норвич , Вест Хэм,0,4,2
358,63,37,17,2,9,2,8,0,13,15,8,2,14,12,1,0,Арсенал , Лидс,2,1,1
359,66,34,15,7,9,4,6,3,11,6,6,1,6,11,2,0,Лестер , Эвертон,1,2,2
360,71,29,17,6,9,3,8,3,6,11,8,2,11,6,1,4,Манчестер Сити , Ньюкасл,5,0,1
361,68,32,15,7,8,1,7,6,12,8,8,2,7,12,1,2,Тоттенхэм , Бернли,1,0,1
362,49,51,9,10,4,4,5,6,11,15,1,5,15,9,1,0,Астон Вилла , Кристал Пэлас,1,1,0
363,41,59,13,13,5,7,8,6,4,6,7,3,6,4,3,2,Уотфорд , Лестер,1,5,2
364,64,36,11,10,4,2,7,8,5,10,5,3,10,5,0,0,Вулверхэмптон , Норвич,1,1,0
365,22,78,5,18,2,8,3,10,9,5,4,9,5,9,1,0,Вест Хэм , Манчестер Сити,2,2,0
366,50,50,15,13,5,6,10,7,16,8,8,1,7,16,1,1,Лидс , Брайтон,1,1,0
367,28,72,10,17,5,7,5,10,8,8,5,2,7,8,2,1,Эвертон , Брентфорд,2,3,2
368,50,50,11,6,4,2,7,4,11,8,12,8,8,11,6,1,Ньюкасл , Арсенал,2,0,1
369,30,70,2,15,2,5,0,10,6,6,1,9,5,6,0,2,Саутгемптон , Ливерпуль,1,2,2
370,41,59,5,17,0,13,5,4,13,7,3,2,6,13,0,4,Норвич , Тоттенхэм,0,5,2
371,62,38,15,7,8,5,7,2,6,3,5,3,2,5,3,1,Ливерпуль , Вулверхэмптон,3,1,1
372,50,50,10,7,6,2,4,5,10,5,3,3,5,9,1,3,Лестер , Саутгемптон,4,1,1
373,39,61,6,6,3,4,3,2,12,22,3,6,22,12,2,4,Кристал Пэлас , Манчестер Юнайтед,1,0,1
374,51,49,9,8,5,6,4,2,8,9,8,2,9,7,5,0,Бернли , Ньюкасл,1,2,2
375,71,29,15,3,5,2,10,1,5,11,13,1,11,5,1,2,Манчестер Сити , Астон Вилла,3,2,1
376,50,50,11,4,7,2,4,2,9,9,5,6,9,8,0,0,Брайтон , Вест Хэм,3,1,1
377,73,27,17,5,9,2,8,3,8,9,12,2,7,8,2,0,Арсенал , Эвертон,5,1,1
378,49,51,12,12,5,6,7,6,11,13,3,2,13,9,0,2,Брентфорд , Лидс,1,2,2
379,71,29,14,5,8,3,6,2,9,9,3,3,8,8,0,2,Челси , Уотфорд,2,1,1
380,57,43,12,10,7,5,5,5,9,9,11,2,9,9,0,5,Ливерпуль , Норвич,4,1,1
381,43,57,5,12,3,9,2,3,6,13,1,1,13,6,2,4,Вест Хэм , Манчестер Сити,0,5,2
382,52,48,10,7,3,3,7,4,10,19,3,4,17,9,1,1,Борнмут , Шеффилд Юнайтед,1,1,0
383,47,53,8,8,4,3,4,5,6,12,2,7,11,6,5,1,Бернли , Саутгемптон,3,0,1
384,36,64,2,6,2,3,0,3,16,14,6,2,12,16,4,0,Кристал Пэлас , Эвертон,0,0,0
385,49,51,7,5,3,3,4,2,15,11,5,2,11,14,0,3,Уотфорд , Брайтон,0,3,2
386,70,30,21,6,7,4,14,2,13,9,14,0,9,13,1,0,Тоттенхэм , Астон Вилла,3,1,1
387,39,61,6,6,2,2,4,4,12,7,5,3,7,11,1,3,Ньюкасл , Арсенал,0,1,2
388,70,30,11,6,1,2,10,4,3,13,12,3,11,3,0,1,Лестер , Вулверхэмптон,0,0,0
389,47,53,7,14,5,7,2,7,15,13,3,5,12,15,2,0,Манчестер Юнайтед , Челси,4,0,1
390,67,33,12,14,9,5,3,9,13,11,10,7,9,11,5,1,Арсенал , Бернли,2,1,1
391,37,63,10,12,3,6,7,6,10,6,5,9,4,9,4,1,Саутгемптон , Ливерпуль,1,2,2
392,57,43,13,7,4,3,9,4,11,10,8,6,10,11,2,4,Брайтон , Вест Хэм,1,1,0
393,62,38,16,8,7,4,9,4,10,13,11,5,13,10,5,2,Астон Вилла , Борнмут,1,2,2
394,63,37,11,11,8,4,3,7,9,11,7,5,11,9,2,1,Норвич , Ньюкасл,3,1,1
395,45,55,8,6,2,2,6,4,11,11,4,7,10,11,3,1,Эвертон , Уотфорд,1,0,1
396,55,45,18,3,10,2,8,1,14,4,13,2,4,13,3,1,Манчестер Сити , Тоттенхэм,2,2,0
397,43,57,9,4,3,4,6,0,16,11,8,4,10,16,0,1,Шеффилд Юнайтед , Кристал Пэлас,1,0,1
398,50,50,12,10,5,3,7,7,9,14,4,5,14,9,3,3,Челси , Лестер,1,1,0
399,35,65,5,6,2,2,3,4,17,8,4,6,6,17,1,1,Вулверхэмптон , Манчестер Юнайтед,1,1,0
400,36,64,5,8,3,1,2,7,10,18,0,6,17,10,8,1,Астон Вилла , Эвертон,2,0,1
401,47,53,6,13,5,8,1,5,9,9,1,8,7,8,0,0,Норвич , Челси,2,3,2
402,50,50,5,6,2,2,3,4,11,6,7,4,6,11,1,5,Шеффилд Юнайтед , Лестер,1,2,2
403,54,46,13,14,3,10,10,4,12,11,8,7,11,12,1,2,Уотфорд , Вест Хэм,1,3,2
404,71,29,16,4,3,3,13,1,8,18,8,1,18,7,0,0,Манчестер Юнайтед , Кристал Пэлас,1,2,2
405,50,50,9,9,3,4,6,5,9,10,8,5,10,9,1,0,Брайтон , Саутгемптон,0,2,2
406,52,48,11,7,5,3,6,4,8,5,6,4,4,7,1,4,Ливерпуль , Арсенал,3,1,1
407,27,73,9,9,7,5,2,4,7,13,4,5,13,7,2,4,Борнмут , Манчестер Сити,1,3,2
408,80,20,10,5,2,3,8,2,10,5,6,6,5,10,1,4,Тоттенхэм , Ньюкасл,0,1,2
409,65,35,10,10,2,4,8,6,9,11,4,3,11,9,1,1,Вулверхэмптон , Бернли,1,1,0
410,42,58,7,17,2,8,5,9,17,7,2,3,6,15,0,1,Саутгемптон , Манчестер Юнайтед,1,1,0
411,62,38,10,7,5,2,5,5,6,11,3,4,11,6,2,0,Челси , Шеффилд Юнайтед,2,2,0
412,55,45,11,4,6,2,5,2,9,11,4,5,10,9,2,1,Лестер , Борнмут,3,1,1
413,53,47,14,3,6,2,8,1,10,6,8,1,6,9,1,3,Манчестер Сити , Брайтон,4,0,1
414,52,48,15,5,5,2,10,3,15,16,13,2,15,15,2,0,Кристал Пэлас , Астон Вилла,1,0,1
415,49,51,8,8,5,3,3,5,5,11,6,5,11,5,6,0,Ньюкасл , Уотфорд,1,1,0
416,49,51,15,6,8,3,7,3,16,10,8,2,10,15,2,3,Вест Хэм , Норвич,2,0,1
417,37,63,6,9,2,7,4,2,10,16,6,4,15,10,5,1,Бернли , Ливерпуль,0,3,2
418,58,42,9,6,6,5,3,1,12,12,7,7,12,12,1,2,Эвертон , Вулверхэмптон,3,2,1
419,54,46,18,12,8,9,10,3,13,19,11,6,18,13,3,1,Арсенал , Тоттенхэм,2,2,0
420,75,25,18,5,9,1,9,4,5,4,10,1,4,5,2,8,Ливерпуль , Ньюкасл,3,1,1
421,46,54,8,13,4,6,4,7,8,11,7,5,10,8,1,1,Вулверхэмптон , Челси,2,5,2
422,64,36,12,8,5,6,7,2,19,11,4,3,11,19,1,0,Тоттенхэм , Кристал Пэлас,4,0,1
423,49,51,12,10,4,7,8,3,10,7,12,6,6,10,3,1,Шеффилд Юнайтед , Саутгемптон,0,1,2
424,62,38,12,7,5,1,7,6,13,7,3,6,7,13,2,2,Брайтон , Бернли,1,1,0
425,42,58,10,7,5,3,5,4,14,14,3,9,14,14,0,2,Манчестер Юнайтед , Лестер,1,0,1
426,32,68,6,14,3,8,3,6,8,7,3,16,7,8,1,0,Норвич , Манчестер Сити,3,2,1
427,41,59,11,10,6,5,5,5,5,14,7,7,14,4,4,0,Борнмут , Эвертон,3,1,1
428,52,48,25,6,10,4,15,2,14,4,7,1,4,12,1,0,Уотфорд , Арсенал,2,2,0
429,47,53,9,6,5,1,4,5,13,12,2,4,12,13,3,3,Астон Вилла , Вест Хэм,0,0,0
430,64,36,17,4,6,3,11,1,8,9,4,5,8,8,1,2,Саутгемптон , Борнмут,1,3,2
431,45,55,13,10,7,4,6,6,16,13,8,2,13,16,3,3,Лестер , Тоттенхэм,2,1,1
432,69,31,9,2,3,1,6,1,9,9,12,3,8,8,1,1,Эвертон , Шеффилд Юнайтед,0,2,2
433,42,58,8,8,6,2,2,6,11,10,7,3,9,11,2,0,Бернли , Норвич,2,0,1
434,68,32,24,4,11,4,13,0,5,9,5,4,9,5,2,2,Манчестер Сити , Уотфорд,8,0,1
435,29,71,9,9,4,3,5,6,12,8,5,3,8,12,0,3,Ньюкасл , Брайтон,0,0,0
436,50,50,9,7,4,4,5,3,7,10,6,7,10,7,1,0,Кристал Пэлас , Вулверхэмптон,1,1,0
437,47,53,7,5,6,3,1,2,8,9,3,7,9,8,2,1,Вест Хэм , Манчестер Юнайтед,2,0,1
438,55,45,10,5,2,3,8,2,8,13,6,4,13,7,7,1,Челси , Ливерпуль,1,2,2
439,58,42,16,12,6,9,10,3,13,15,9,4,14,13,2,0,Арсенал , Астон Вилла,3,2,1
440,30,70,8,13,2,4,6,9,8,4,6,5,4,8,0,1,Шеффилд Юнайтед , Ливерпуль,0,1,2
441,42,58,7,12,4,6,3,6,5,16,6,6,16,5,1,1,Тоттенхэм , Саутгемптон,2,1,1
442,40,60,6,11,2,5,4,6,5,6,1,6,5,5,2,1,Вулверхэмптон , Уотфорд,2,0,1
443,50,50,9,10,5,6,4,4,7,8,6,6,8,7,2,2,Борнмут , Вест Хэм,2,2,0
444,52,48,14,5,10,1,4,4,5,13,5,2,11,5,1,2,Челси , Брайтон,2,0,1
445,45,55,9,5,3,3,6,2,14,10,5,5,10,14,2,1,Кристал Пэлас , Норвич,2,0,1
446,60,40,10,7,3,3,7,4,10,16,7,3,16,10,2,0,Астон Вилла , Бернли,2,2,0
447,38,62,11,15,8,8,3,7,4,8,5,2,8,4,2,5,Эвертон , Манчестер Сити,1,3,2
448,68,32,10,3,5,0,5,3,12,9,9,0,9,11,0,1,Лестер , Ньюкасл,5,0,1
449,54,46,10,8,4,5,6,3,18,13,8,7,12,17,2,4,Манчестер Юнайтед , Арсенал,1,1,0
450,48,52,10,6,6,3,4,3,11,7,4,4,7,10,1,1,Брайтон , Тоттенхэм,3,0,1
451,40,60,6,7,2,3,4,4,7,6,7,7,6,7,2,3,Уотфорд , Шеффилд Юнайтед,0,0,0
452,50,50,14,2,8,1,6,1,9,17,4,6,17,8,3,2,Ливерпуль , Лестер,2,1,1
453,57,43,13,19,5,12,8,7,14,17,10,6,17,13,0,1,Норвич , Астон Вилла,1,5,2
454,41,59,7,6,3,2,4,4,5,12,7,9,12,5,5,1,Бернли , Эвертон,1,0,1
455,51,49,8,5,4,4,4,1,11,7,2,2,7,9,2,4,Вест Хэм , Кристал Пэлас,1,2,2
456,44,56,9,11,3,7,6,4,8,15,3,5,15,7,1,0,Саутгемптон , Челси,1,4,2
457,52,48,8,9,2,2,6,7,12,6,14,5,6,12,0,0,Арсенал , Борнмут,1,0,1
458,76,24,8,5,2,2,6,3,11,14,9,1,14,11,1,2,Манчестер Сити , Вулверхэмптон,0,2,2
459,32,68,7,8,2,3,5,5,12,10,4,6,9,9,1,2,Ньюкасл , Манчестер Юнайтед,1,0,1
460,51,49,15,7,10,4,5,3,15,15,11,2,14,15,9,4,Эвертон , Вест Хэм,2,0,1
461,57,43,4,10,1,5,3,5,10,17,1,3,14,9,1,2,Вулверхэмптон , Саутгемптон,1,1,0
462,69,31,5,4,2,2,3,2,5,9,11,2,8,5,5,1,Тоттенхэм , Уотфорд,1,1,0
463,64,36,12,7,3,4,9,3,4,10,9,4,10,4,2,3,Лестер , Бернли,2,1,1
464,49,51,16,13,8,5,8,8,9,17,7,5,17,9,1,0,Астон Вилла , Брайтон,2,1,1
465,48,52,8,7,2,1,6,6,8,11,6,7,11,8,2,2,Борнмут , Норвич,0,0,0
466,71,29,12,4,8,0,4,4,9,12,11,0,12,9,1,1,Челси , Ньюкасл,1,0,1
467,29,71,5,18,2,10,3,8,8,10,1,8,10,8,3,2,Кристал Пэлас , Манчестер Сити,0,2,2
468,32,68,6,8,2,4,4,4,6,14,3,1,13,6,4,1,Манчестер Юнайтед , Ливерпуль,1,1,0
469,32,68,7,7,2,3,5,4,10,12,7,12,11,8,1,1,Шеффилд Юнайтед , Арсенал,1,0,1
470,28,72,5,20,3,15,2,5,3,12,2,7,11,3,1,0,Саутгемптон , Лестер,0,9,2
471,63,37,18,7,10,5,8,2,10,5,13,7,5,10,1,2,Манчестер Сити , Астон Вилла,3,0,1
472,60,40,11,7,4,4,7,3,7,10,10,4,10,7,4,4,Вест Хэм , Шеффилд Юнайтед,1,1,0
473,55,45,7,8,4,6,3,2,12,12,0,5,12,12,3,2,Брайтон , Эвертон,3,2,1
474,41,59,6,8,3,5,3,3,14,8,5,10,6,14,5,3,Уотфорд , Борнмут,0,0,0
475,37,63,10,9,5,7,5,2,7,8,5,6,7,7,1,0,Бернли , Челси,2,4,2
476,44,56,9,10,2,5,7,5,8,16,3,6,15,8,1,1,Ньюкасл , Вулверхэмптон,1,1,0
477,68,32,16,9,13,4,3,5,9,11,8,3,11,7,0,4,Ливерпуль , Тоттенхэм,2,1,1
478,47,53,8,18,3,11,5,7,13,10,1,10,10,12,1,0,Норвич , Манчестер Юнайтед,1,3,2
479,56,44,14,6,6,4,8,2,18,9,12,5,8,18,1,1,Арсенал , Кристал Пэлас,2,2,0
480,43,57,10,10,6,4,4,6,14,12,4,10,12,13,1,4,Борнмут , Манчестер Юнайтед,1,0,1
481,69,31,12,12,6,9,6,3,10,7,7,3,7,10,1,4,Вест Хэм , Ньюкасл,2,3,2
482,57,43,9,12,4,8,5,4,6,15,8,9,15,6,2,2,Арсенал , Вулверхэмптон,1,1,0
483,75,25,13,3,4,3,9,0,11,10,17,0,9,9,3,0,Манчестер Сити , Саутгемптон,2,1,1
484,46,54,11,5,6,0,5,5,8,12,7,6,11,8,1,0,Шеффилд Юнайтед , Бернли,3,0,1
485,58,42,17,4,5,0,12,4,11,8,8,3,8,11,3,1,Брайтон , Норвич,2,0,1
486,27,73,3,16,2,6,1,10,12,9,2,10,8,11,3,2,Астон Вилла , Ливерпуль,1,2,2
487,33,67,8,12,3,10,5,2,8,5,2,6,5,8,0,0,Уотфорд , Челси,1,2,2
488,45,55,8,12,3,5,5,7,15,16,5,6,16,13,2,1,Кристал Пэлас , Лестер,0,2,2
489,48,52,6,4,3,2,3,2,9,8,5,2,8,9,1,2,Эвертон , Тоттенхэм,1,1,0
490,65,35,12,8,5,2,7,6,7,13,10,4,13,7,1,0,Норвич , Уотфорд,0,2,2
491,60,40,15,2,5,1,10,1,9,17,7,0,17,9,0,0,Челси , Кристал Пэлас,2,0,1
492,40,60,13,6,12,4,1,2,17,10,11,4,10,16,7,1,Бернли , Вест Хэм,3,0,1
493,34,66,14,11,9,4,5,7,10,5,5,4,5,10,4,1,Ньюкасл , Борнмут,2,1,1
494,61,39,13,11,5,4,8,7,6,9,4,4,9,6,1,6,Тоттенхэм , Шеффилд Юнайтед,1,1,0
495,48,52,4,14,3,5,1,9,12,12,5,9,11,12,2,0,Саутгемптон , Эвертон,1,2,2
496,50,50,16,5,7,1,9,4,10,10,5,4,10,10,1,2,Лестер , Арсенал,2,0,1
497,50,50,12,9,5,4,7,5,17,8,6,3,5,15,0,1,Вулверхэмптон , Астон Вилла,2,1,1
498,43,57,16,5,11,2,5,3,10,14,5,2,14,10,0,4,Манчестер Юнайтед , Брайтон,3,1,1
499,45,55,10,10,5,3,5,7,10,5,4,13,5,10,3,5,Ливерпуль , Манчестер Сити,3,1,1
500,48,52,8,12,4,6,4,6,12,14,3,7,14,11,4,6,Вест Хэм , Тоттенхэм,2,3,2
501,40,60,13,8,6,4,7,4,8,7,9,8,7,8,3,0,Кристал Пэлас , Ливерпуль,1,2,2
502,52,48,4,17,0,9,4,8,9,1,6,7,1,8,2,1,Брайтон , Лестер,0,2,2
503,61,39,8,8,4,5,4,3,14,13,7,5,13,14,2,2,Уотфорд , Бернли,0,3,2
504,57,43,14,8,7,5,7,3,12,11,7,7,11,11,0,0,Эвертон , Норвич,0,2,2
505,61,39,8,17,5,6,3,11,13,19,6,8,19,12,2,1,Арсенал , Саутгемптон,2,2,0
506,47,53,6,15,2,8,4,7,10,12,5,9,9,10,0,4,Борнмут , Вулверхэмптон,1,2,2
507,47,53,11,8,4,2,7,6,5,9,8,3,9,5,3,4,Манчестер Сити , Челси,2,1,1
508,41,59,9,9,8,5,1,4,13,10,6,3,9,13,3,1,Шеффилд Юнайтед , Манчестер Юнайтед,3,3,0
509,62,38,14,8,8,5,6,3,10,9,11,6,9,10,1,2,Астон Вилла , Ньюкасл,2,0,1
510,24,76,6,17,3,9,3,8,4,6,1,10,6,3,3,3,Ньюкасл , Манчестер Сити,2,2,0
511,65,35,14,5,6,4,8,1,0,16,9,3,15,0,3,0,Челси , Вест Хэм,0,1,2
512,45,55,12,9,7,5,5,4,3,10,4,5,9,2,1,6,Ливерпуль , Брайтон,2,1,1
513,44,56,12,6,4,2,8,4,13,9,5,6,8,13,1,1,Бернли , Кристал Пэлас,0,2,2
514,52,48,12,14,5,6,7,8,10,12,4,8,12,9,1,0,Тоттенхэм , Борнмут,3,2,1
515,62,38,9,6,6,3,3,3,6,10,6,7,10,6,2,4,Саутгемптон , Уотфорд,2,1,1
516,59,41,7,9,3,4,4,5,12,18,7,2,16,12,1,3,Вулверхэмптон , Шеффилд Юнайтед,1,1,0
517,40,60,13,8,8,7,5,1,8,10,7,12,10,7,1,0,Норвич , Арсенал,2,2,0
518,69,31,13,8,6,3,7,5,7,9,4,4,9,7,1,3,Лестер , Эвертон,2,1,1
519,62,38,13,7,6,3,7,4,16,8,9,9,7,16,1,4,Манчестер Юнайтед , Астон Вилла,2,2,0
520,31,69,5,5,2,3,3,2,6,15,6,9,14,6,1,0,Кристал Пэлас , Борнмут,1,0,1
521,25,75,3,12,2,8,1,4,9,6,3,6,6,9,0,2,Бернли , Манчестер Сити,1,4,2
522,63,37,10,2,6,1,4,1,13,16,7,2,16,10,3,1,Лестер , Уотфорд,2,0,1
523,50,50,13,5,7,3,6,2,8,9,5,4,8,7,3,3,Вулверхэмптон , Вест Хэм,2,0,1
524,47,53,10,6,7,5,3,1,9,9,4,3,9,9,1,1,Манчестер Юнайтед , Тоттенхэм,2,1,1
525,64,36,15,4,9,3,6,1,18,10,9,5,9,18,0,1,Челси , Астон Вилла,2,1,1
526,41,59,10,8,5,3,5,5,12,7,6,1,7,12,3,1,Саутгемптон , Норвич,2,1,1
527,58,42,8,11,5,4,3,7,13,17,5,6,16,12,3,3,Ливерпуль , Эвертон,5,2,1
528,73,27,10,5,6,4,4,1,10,6,8,1,6,10,3,2,Шеффилд Юнайтед , Ньюкасл,0,2,2
529,50,50,9,14,5,9,4,5,10,11,9,9,10,9,7,0,Арсенал , Брайтон,1,2,2
530,30,70,10,11,7,4,3,7,14,9,1,5,8,14,2,3,Эвертон , Челси,3,1,1
531,27,73,1,16,0,9,1,7,5,6,1,4,6,5,5,1,Борнмут , Ливерпуль,0,3,2
532,49,51,10,6,7,1,3,5,12,8,1,1,7,12,1,2,Тоттенхэм , Бернли,5,0,1
533,50,50,7,2,3,0,4,2,15,16,6,2,16,15,1,1,Уотфорд , Кристал Пэлас,0,0,0
534,71,29,11,9,5,7,6,2,10,10,16,3,9,10,0,0,Манчестер Сити , Манчестер Юнайтед,1,2,2
535,41,59,11,16,2,8,9,8,21,15,8,6,14,21,0,1,Астон Вилла , Лестер,1,4,2
536,46,54,6,14,6,4,0,10,11,17,3,12,17,11,0,1,Ньюкасл , Саутгемптон,2,1,1
537,58,42,9,8,4,3,5,5,6,12,9,1,11,6,1,2,Норвич , Шеффилд Юнайтед,1,2,2
538,62,38,10,8,5,6,5,2,10,7,3,4,7,9,1,3,Брайтон , Вулверхэмптон,2,2,0
539,36,64,8,6,4,3,4,3,12,6,4,3,6,12,1,0,Вест Хэм , Арсенал,1,3,2
540,67,33,14,8,6,2,8,6,8,6,6,3,4,7,5,4,Ливерпуль , Уотфорд,2,0,1
541,67,33,10,3,5,2,5,1,9,14,9,4,14,9,3,1,Челси , Борнмут,0,1,2
542,56,44,13,6,5,3,8,3,11,15,12,4,12,11,0,1,Лестер , Норвич,1,1,0
543,48,52,6,7,4,0,2,7,15,12,4,3,11,15,3,1,Бернли , Ньюкасл,1,0,1
544,56,44,5,7,3,0,2,7,10,9,3,2,7,8,3,0,Шеффилд Юнайтед , Астон Вилла,2,0,1
545,57,43,11,7,2,4,9,3,9,14,5,8,12,9,4,2,Саутгемптон , Вест Хэм,0,1,2
546,66,34,16,8,8,3,8,5,10,12,6,5,12,10,2,3,Манчестер Юнайтед , Эвертон,1,1,0
547,57,43,9,8,5,5,4,3,14,10,11,2,10,12,0,1,Вулверхэмптон , Тоттенхэм,1,2,2
548,43,57,5,10,1,7,4,3,9,24,3,3,23,8,2,1,Арсенал , Манчестер Сити,0,3,2
549,35,65,10,13,4,10,6,3,7,12,3,7,12,6,0,1,Кристал Пэлас , Брайтон,1,1,0
550,43,57,5,6,0,2,5,4,10,11,5,4,10,10,0,1,Эвертон , Арсенал,0,0,0
551,50,50,12,6,7,4,5,2,7,14,4,11,14,7,3,2,Норвич , Вулверхэмптон,1,2,2
552,43,57,5,11,3,4,2,7,12,11,4,5,11,12,2,0,Ньюкасл , Кристал Пэлас,1,0,1
553,69,31,6,7,2,2,4,5,6,11,4,3,9,5,2,3,Брайтон , Шеффилд Юнайтед,0,1,2
554,64,36,3,1,0,1,3,0,13,21,4,5,20,13,2,0,Борнмут , Бернли,0,1,2
555,56,44,13,13,6,8,7,5,16,15,7,5,15,15,2,3,Астон Вилла , Саутгемптон,1,3,2
556,62,38,19,5,12,2,7,3,14,9,6,1,8,13,1,3,Манчестер Сити , Лестер,3,1,1
557,37,63,6,14,3,8,3,6,16,11,3,5,10,14,5,4,Уотфорд , Манчестер Юнайтед,2,0,1
558,45,55,3,9,1,3,2,6,9,11,3,5,11,8,0,2,Тоттенхэм , Челси,0,2,2
559,53,47,7,10,5,5,2,5,10,9,9,2,9,10,5,0,Тоттенхэм , Брайтон,2,1,1
560,66,34,8,3,3,3,5,0,10,9,8,1,9,9,1,2,Челси , Саутгемптон,0,2,2
561,58,42,10,4,4,2,6,2,11,8,9,1,8,11,4,1,Шеффилд Юнайтед , Уотфорд,1,1,0
562,43,57,7,12,2,6,5,6,15,12,5,8,12,15,1,0,Астон Вилла , Норвич,1,0,1
563,40,60,9,8,4,2,5,6,5,13,8,3,12,5,1,0,Борнмут , Арсенал,1,1,0
564,58,42,12,7,4,2,8,5,5,10,7,6,10,5,1,2,Кристал Пэлас , Вест Хэм,2,1,1
565,67,33,13,6,5,0,8,6,15,14,10,3,14,14,0,1,Эвертон , Бернли,1,0,1
566,73,27,17,7,10,2,7,5,10,7,5,0,6,9,1,1,Манчестер Юнайтед , Ньюкасл,4,1,1
567,42,58,2,13,0,6,2,7,5,7,2,8,7,4,6,3,Лестер , Ливерпуль,0,4,2
568,61,39,14,6,8,3,6,3,7,13,3,1,12,7,0,1,Вулверхэмптон , Манчестер Сити,3,2,1
569,55,45,12,5,6,2,6,3,9,11,9,2,10,9,3,0,Брайтон , Борнмут,2,0,1
570,43,57,14,16,5,9,9,7,13,13,5,8,12,12,3,2,Ньюкасл , Эвертон,1,2,2
571,59,41,9,5,5,2,4,3,13,7,12,4,7,13,2,2,Саутгемптон , Кристал Пэлас,1,1,0
572,49,51,11,5,6,2,5,3,16,9,6,3,9,15,1,3,Уотфорд , Астон Вилла,3,0,1
573,42,58,5,8,2,7,3,1,12,10,4,6,10,11,3,3,Норвич , Тоттенхэм,2,2,0
574,43,57,9,10,4,8,5,2,16,4,5,6,4,16,2,3,Вест Хэм , Лестер,1,2,2
575,39,61,6,8,1,5,5,3,17,10,5,4,8,17,5,2,Бернли , Манчестер Юнайтед,0,2,2
576,43,57,7,10,2,4,5,6,13,19,2,3,18,13,2,1,Арсенал , Челси,1,2,2
577,62,38,7,7,3,2,4,5,7,3,5,6,2,5,2,5,Ливерпуль , Вулверхэмптон,1,0,1
578,72,28,10,6,4,0,6,6,5,6,8,5,6,4,1,5,Манчестер Сити , Шеффилд Юнайтед,2,0,1
579,30,70,7,10,4,5,3,5,6,6,3,7,6,6,1,0,Вест Хэм , Ливерпуль,0,2,2
580,48,52,9,9,5,5,4,4,8,15,5,3,15,8,0,3,Брайтон , Челси,1,1,0
581,61,39,14,9,1,6,13,3,12,10,8,4,9,12,2,1,Бернли , Астон Вилла,1,2,2
582,24,76,4,15,2,10,2,5,8,12,4,5,12,8,0,3,Ньюкасл , Лестер,0,3,2
583,37,63,7,11,3,4,4,7,12,6,4,7,4,12,1,0,Уотфорд , Вулверхэмптон,2,1,1
584,41,59,7,7,3,5,4,2,21,8,6,9,8,20,1,3,Саутгемптон , Тоттенхэм,1,0,1
585,43,57,12,3,7,2,5,1,3,12,9,2,11,3,1,3,Вест Хэм , Борнмут,4,0,1
586,41,59,12,7,4,3,8,4,12,9,2,5,9,12,2,1,Норвич , Кристал Пэлас,1,1,0
587,65,35,14,5,7,2,7,3,11,11,3,6,11,11,3,1,Манчестер Сити , Эвертон,2,1,1
588,49,51,9,7,4,4,5,3,11,15,1,4,15,11,0,0,Арсенал , Манчестер Юнайтед,2,0,1
589,74,26,12,3,7,2,5,1,5,8,8,4,5,5,1,3,Ливерпуль , Шеффилд Юнайтед,2,0,1
590,47,53,9,7,3,2,6,5,11,6,7,3,5,11,3,1,Шеффилд Юнайтед , Вест Хэм,1,0,1
591,43,57,5,6,3,4,2,2,14,22,1,4,22,14,3,1,Кристал Пэлас , Арсенал,1,1,0
592,58,42,5,15,5,10,0,5,9,17,2,4,17,8,3,2,Лестер , Саутгемптон,1,2,2
593,53,47,10,8,6,2,4,6,7,7,4,3,6,6,2,2,Эвертон , Брайтон,1,0,1
594,59,41,10,5,6,3,4,2,18,7,4,2,7,17,2,0,Манчестер Юнайтед , Норвич,4,0,1
595,65,35,12,5,8,3,4,2,7,4,10,3,4,7,6,6,Челси , Бернли,3,0,1
596,65,35,7,3,4,1,3,2,13,12,5,2,12,12,0,1,Вулверхэмптон , Ньюкасл,1,1,0
597,34,66,12,12,4,7,8,5,4,8,4,3,8,4,2,2,Тоттенхэм , Ливерпуль,0,1,2
598,56,44,8,12,1,6,7,6,3,13,5,5,13,3,0,5,Борнмут , Уотфорд,0,3,2
599,30,70,5,20,1,12,4,8,5,12,2,4,11,3,1,0,Астон Вилла , Манчестер Сити,1,6,2
600,42,58,10,11,2,5,8,6,13,13,3,3,12,12,2,3,Уотфорд , Тоттенхэм,0,0,0
601,55,45,5,8,2,3,3,5,11,13,3,4,13,11,2,4,Брайтон , Астон Вилла,1,1,0
602,72,28,16,4,6,3,10,1,9,7,14,2,6,9,0,1,Манчестер Сити , Кристал Пэлас,2,2,0
603,66,34,10,4,5,3,5,1,10,10,4,5,9,8,0,3,Норвич , Борнмут,1,0,1
604,52,48,10,7,5,4,5,3,13,12,1,3,10,13,2,2,Саутгемптон , Вулверхэмптон,2,3,2
605,49,51,10,8,6,3,4,5,11,13,7,6,13,11,3,1,Вест Хэм , Эвертон,1,1,0
606,61,39,9,10,4,4,5,6,9,13,4,5,9,8,3,0,Арсенал , Шеффилд Юнайтед,1,1,0
607,31,69,7,11,2,4,5,7,9,14,1,10,13,9,1,2,Ньюкасл , Челси,1,0,1
608,45,55,7,14,5,8,2,6,14,8,4,5,7,14,1,0,Бернли , Лестер,2,1,1
609,53,47,11,8,5,4,6,4,7,10,11,5,10,7,2,3,Ливерпуль , Манчестер Юнайтед,2,0,1
610,64,36,13,5,5,2,8,3,11,18,6,3,18,10,0,3,Астон Вилла , Уотфорд,2,1,1
611,35,65,7,14,3,8,4,6,9,12,5,8,12,8,2,1,Борнмут , Брайтон,3,1,1
612,33,67,3,13,1,5,2,8,13,13,5,13,13,12,4,1,Шеффилд Юнайтед , Манчестер Сити,0,1,2
613,45,55,5,12,0,6,5,6,12,13,0,8,13,12,2,1,Кристал Пэлас , Саутгемптон,0,2,2
614,54,46,15,6,8,3,7,3,13,10,6,4,10,12,1,0,Эвертон , Ньюкасл,2,2,0
615,58,42,13,2,8,2,5,0,11,6,17,5,6,11,2,1,Челси , Арсенал,2,2,0
616,67,33,12,5,8,2,4,3,10,19,7,8,18,9,2,1,Лестер , Вест Хэм,4,1,1
617,50,50,8,9,3,2,5,7,12,7,7,3,6,12,1,0,Тоттенхэм , Норвич,2,1,1
618,72,28,17,4,7,2,10,2,11,7,5,2,7,11,2,2,Манчестер Юнайтед , Бернли,0,2,2
619,47,53,8,7,3,6,5,1,6,11,2,4,11,4,2,0,Вулверхэмптон , Ливерпуль,1,2,2
620,50,50,9,4,4,3,5,1,16,14,4,6,14,14,1,1,Лестер , Челси,2,2,0
621,40,60,11,14,6,5,5,9,10,15,1,8,13,10,1,3,Борнмут , Астон Вилла,2,1,1
622,61,39,12,11,9,4,3,7,9,15,6,11,13,7,2,5,Ливерпуль , Саутгемптон,4,0,1
623,45,55,8,9,2,5,6,4,17,14,4,4,13,17,0,2,Уотфорд , Эвертон,2,3,2
624,36,64,9,16,6,6,3,10,8,9,4,6,9,6,2,1,Вест Хэм , Брайтон,3,3,0
625,60,40,8,6,3,3,5,3,9,15,9,5,14,9,1,0,Кристал Пэлас , Шеффилд Юнайтед,0,1,2
626,44,56,9,13,5,4,4,9,10,15,8,12,15,10,3,0,Ньюкасл , Норвич,0,0,0
627,63,37,13,9,5,4,8,5,14,15,4,6,14,14,0,1,Манчестер Юнайтед , Вулверхэмптон,0,0,0
628,43,57,12,8,2,2,10,6,8,11,5,7,11,8,4,1,Бернли , Арсенал,0,0,0
629,34,66,3,12,3,6,0,6,8,14,2,6,13,6,2,0,Тоттенхэм , Манчестер Сити,2,0,1
630,47,53,12,8,8,2,4,6,11,12,4,6,10,11,1,2,Эвертон , Кристал Пэлас,3,1,1
631,67,33,7,4,2,2,5,2,9,12,3,2,12,9,2,2,Брайтон , Уотфорд,1,1,0
632,54,46,10,9,6,2,4,7,10,8,8,4,8,10,0,1,Шеффилд Юнайтед , Борнмут,2,1,1
633,41,59,11,5,3,3,8,2,13,10,7,0,9,12,2,0,Вулверхэмптон , Лестер,0,0,0
634,63,37,7,9,2,6,5,3,8,11,4,3,11,6,1,3,Саутгемптон , Бернли,1,2,2
635,37,63,4,13,1,6,3,7,5,11,2,7,11,5,1,0,Норвич , Ливерпуль,0,1,2
636,54,46,12,16,4,10,8,6,12,10,12,7,8,12,0,1,Астон Вилла , Тоттенхэм,2,3,2
637,68,32,13,7,7,2,6,5,15,9,5,6,9,15,1,4,Арсенал , Ньюкасл,4,0,1
638,61,39,7,7,1,3,6,4,11,11,9,8,11,9,2,0,Челси , Манчестер Юнайтед,0,2,2
639,77,23,12,2,7,0,5,2,5,7,6,1,6,5,1,3,Манчестер Сити , Вест Хэм,2,0,1
640,50,50,15,3,7,3,8,0,14,14,3,5,13,14,1,0,Челси , Тоттенхэм,2,1,1
641,66,34,8,6,3,2,5,4,5,6,12,2,5,4,3,2,Шеффилд Юнайтед , Брайтон,1,1,0
642,43,57,12,8,10,4,2,4,9,9,7,4,6,8,1,1,Бернли , Борнмут,3,0,1
643,46,54,20,1,9,1,11,0,13,17,9,6,17,13,0,2,Саутгемптон , Астон Вилла,2,0,1
644,45,55,16,5,9,2,7,3,15,11,7,5,10,14,0,3,Кристал Пэлас , Ньюкасл,1,0,1
645,32,68,7,13,3,7,4,6,14,10,3,7,10,13,1,1,Лестер , Манчестер Сити,0,1,2
646,58,42,18,4,9,2,9,2,6,15,3,5,14,6,1,1,Манчестер Юнайтед , Уотфорд,3,0,1
647,40,60,15,5,6,4,9,1,11,6,4,1,6,11,1,0,Вулверхэмптон , Норвич,3,0,1
648,51,49,9,13,4,5,5,8,12,12,6,3,12,12,2,2,Арсенал , Эвертон,3,2,1
649,69,31,17,6,7,4,10,2,4,10,16,8,9,4,2,2,Ливерпуль , Вест Хэм,3,2,1
650,43,57,7,12,6,4,1,8,13,16,6,7,15,13,2,0,Норвич , Лестер,1,0,1
651,66,34,17,9,8,3,9,6,8,9,8,7,9,8,1,3,Брайтон , Кристал Пэлас,0,1,2
652,54,46,10,4,4,0,6,4,11,9,11,7,9,10,2,2,Ньюкасл , Бернли,0,0,0
653,27,73,8,18,5,6,3,12,8,5,4,14,5,8,1,2,Борнмут , Челси,2,2,0
654,34,66,12,5,7,2,5,3,8,11,4,9,7,7,0,1,Вест Хэм , Саутгемптон,3,1,1
655,30,70,12,5,5,1,7,4,4,8,3,5,8,3,5,1,Уотфорд , Ливерпуль,3,0,1
656,65,35,7,11,5,4,2,7,12,14,4,5,14,11,0,0,Тоттенхэм , Вулверхэмптон,2,3,2
657,45,55,11,10,5,5,6,5,11,11,13,8,9,10,3,1,Эвертон , Манчестер Юнайтед,1,1,0
658,74,26,10,4,6,4,4,0,10,12,9,4,12,7,1,5,Ливерпуль , Борнмут,2,1,1
659,45,55,6,5,3,3,3,2,12,16,8,8,16,11,2,1,Кристал Пэлас , Уотфорд,1,0,1
660,42,58,8,9,4,5,4,4,12,8,10,5,7,12,1,3,Шеффилд Юнайтед , Норвич,1,0,1
661,38,62,4,10,3,7,1,3,14,15,5,8,13,13,0,2,Саутгемптон , Ньюкасл,0,1,2
662,68,32,5,12,2,6,3,6,11,9,6,7,8,11,2,2,Арсенал , Вест Хэм,1,0,1
663,44,56,8,5,1,1,7,4,4,7,2,0,7,4,0,0,Вулверхэмптон , Брайтон,0,0,0
664,45,55,12,8,8,2,4,6,16,11,4,5,11,15,2,0,Бернли , Тоттенхэм,1,1,0
665,60,40,16,2,11,1,5,1,8,10,6,1,8,8,0,1,Челси , Эвертон,4,0,1
666,28,72,8,7,6,4,2,3,11,9,2,11,9,10,1,2,Манчестер Юнайтед , Манчестер Сити,2,0,1
667,64,36,14,4,7,1,7,3,15,12,9,0,11,15,3,2,Лестер , Астон Вилла,4,0,1
668,46,54,4,10,2,6,2,4,12,12,2,3,11,12,2,2,Фулхэм , Арсенал,0,3,2
669,30,70,5,8,3,5,2,3,14,11,7,3,10,14,4,0,Кристал Пэлас , Саутгемптон,1,0,1
670,49,51,9,4,6,3,3,1,9,6,9,0,5,9,2,5,Ливерпуль , Лидс,4,3,1
671,58,42,8,9,3,2,5,7,13,7,8,7,7,11,2,4,Вест Хэм , Ньюкасл,0,2,2
672,36,64,4,10,1,7,3,3,12,9,2,5,9,11,4,3,Вест Бромвич , Лестер,0,3,2
673,51,49,6,11,5,4,1,7,15,7,5,3,6,14,0,1,Тоттенхэм , Эвертон,0,1,2
674,55,45,7,9,2,4,5,5,13,7,12,5,7,13,4,0,Шеффилд Юнайтед , Вулверхэмптон,0,2,2
675,52,48,9,7,3,5,6,2,8,13,4,3,11,8,0,3,Брайтон , Челси,1,3,2
676,71,29,12,5,7,4,5,1,9,11,11,1,10,8,1,1,Эвертон , Вест Бромвич,5,2,1
677,50,50,9,11,7,6,2,5,13,18,5,3,17,12,3,0,Лидс , Фулхэм,4,3,1
678,75,25,8,11,4,5,4,6,13,10,9,3,10,12,1,2,Манчестер Юнайтед , Кристал Пэлас,1,3,2
679,62,38,4,9,3,3,1,6,11,13,7,5,12,11,5,2,Арсенал , Вест Хэм,2,1,1
680,52,48,12,7,7,6,5,1,17,18,3,2,17,14,2,6,Саутгемптон , Тоттенхэм,2,5,2
681,48,52,4,12,0,6,4,6,16,15,7,1,15,15,1,2,Ньюкасл , Брайтон,0,3,2
682,39,61,5,15,3,6,2,9,10,6,1,11,6,8,1,1,Челси , Ливерпуль,0,2,2
683,67,33,8,13,6,5,2,8,11,13,15,4,12,11,0,1,Лестер , Бернли,4,2,1
684,71,29,13,3,2,1,11,2,12,13,10,4,13,12,1,0,Астон Вилла , Шеффилд Юнайтед,1,0,1
685,35,65,6,12,1,9,5,3,7,8,4,6,7,7,2,3,Вулверхэмптон , Манчестер Сити,1,3,2
686,53,47,14,4,5,3,9,1,18,16,7,1,16,17,1,4,Брайтон , Манчестер Юнайтед,2,3,2
687,43,57,3,8,1,5,2,3,16,15,7,6,14,14,1,0,Кристал Пэлас , Эвертон,1,2,2
688,25,75,7,16,3,10,4,6,8,16,3,9,15,7,1,0,Вест Бромвич , Челси,3,3,0
689,53,47,6,3,2,1,4,2,8,10,8,2,10,7,2,1,Бернли , Саутгемптон,0,1,2
690,37,63,9,14,4,9,5,5,18,4,5,7,4,15,2,1,Шеффилд Юнайтед , Лидс,0,1,2
691,65,35,19,3,12,1,7,2,15,9,10,4,8,14,0,1,Тоттенхэм , Ньюкасл,1,1,0
692,71,29,12,7,5,7,7,0,13,8,3,4,8,12,2,3,Манчестер Сити , Лестер,2,5,2
693,37,63,14,6,7,2,7,4,7,11,1,3,11,7,3,2,Вест Хэм , Вулверхэмптон,4,0,1
694,65,35,12,9,3,5,9,4,18,14,5,3,14,18,0,3,Фулхэм , Астон Вилла,0,3,2
695,66,34,15,4,8,3,7,1,11,7,7,3,7,11,0,5,Ливерпуль , Арсенал,3,1,1
696,70,30,12,2,6,0,6,2,17,13,8,5,11,16,1,0,Челси , Кристал Пэлас,4,0,1
697,44,56,8,6,6,3,2,3,13,14,3,10,13,12,0,2,Эвертон , Брайтон,4,2,1
698,52,48,9,16,7,2,2,14,11,12,7,10,12,11,2,3,Лидс , Манчестер Сити,1,1,0
699,48,52,9,5,5,3,4,2,13,17,3,4,17,13,4,5,Ньюкасл , Бернли,3,1,1
700,69,31,2,11,0,6,2,5,10,8,6,4,8,10,4,2,Лестер , Вест Хэм,0,3,2
701,61,39,12,3,7,2,5,1,19,10,5,1,10,17,1,1,Саутгемптон , Вест Бромвич,2,0,1
702,64,36,5,4,5,2,0,2,3,9,2,4,8,3,0,3,Арсенал , Шеффилд Юнайтед,2,1,1
703,48,52,8,7,5,2,3,5,15,8,6,2,6,15,0,0,Вулверхэмптон , Фулхэм,1,0,1
704,39,61,4,14,2,8,2,6,14,11,2,4,11,13,1,0,Манчестер Юнайтед , Тоттенхэм,1,6,2
705,31,69,15,9,11,8,4,1,7,10,2,7,10,7,2,1,Астон Вилла , Ливерпуль,7,2,1
706,42,58,10,16,5,8,5,8,15,9,2,5,8,13,2,3,Эвертон , Ливерпуль,2,2,0
707,53,47,8,11,5,6,3,5,11,9,6,2,8,10,3,1,Челси , Саутгемптон,3,3,0
708,58,42,9,8,5,3,4,5,15,10,6,6,10,15,0,2,Манчестер Сити , Арсенал,1,0,1
709,37,63,6,20,4,14,2,6,9,12,0,7,12,9,0,2,Ньюкасл , Манчестер Юнайтед,1,4,2
710,42,58,9,11,6,6,3,5,5,9,2,5,9,4,4,0,Шеффилд Юнайтед , Фулхэм,1,1,0
711,35,65,1,12,1,3,0,9,13,13,2,5,13,12,1,2,Кристал Пэлас , Брайтон,1,1,0
712,51,49,10,8,6,4,4,4,13,12,3,7,12,13,1,3,Тоттенхэм , Вест Хэм,3,3,0
713,50,50,7,9,5,4,2,5,18,18,2,7,18,17,2,3,Лестер , Астон Вилла,0,1,2
714,56,44,11,8,6,4,5,4,15,17,8,2,16,15,2,0,Вест Бромвич , Бернли,0,0,0
715,67,33,9,4,2,3,7,1,13,12,8,3,11,13,1,2,Лидс , Вулверхэмптон,0,1,2
716,41,59,9,22,4,9,5,13,14,17,6,5,17,14,0,0,Астон Вилла , Лидс,0,3,2
717,31,69,5,13,2,7,3,6,14,6,2,10,6,13,1,0,Вест Хэм , Манчестер Сити,1,1,0
718,64,36,12,13,3,10,9,3,11,11,4,4,11,11,1,2,Фулхэм , Кристал Пэлас,1,2,2
719,50,50,9,3,4,1,5,2,8,6,9,6,6,8,2,0,Манчестер Юнайтед , Челси,0,0,0
720,62,38,12,9,5,2,7,7,7,15,7,3,15,6,2,0,Ливерпуль , Шеффилд Юнайтед,2,1,1
721,54,46,12,3,6,2,6,1,11,11,4,5,11,10,1,1,Саутгемптон , Эвертон,2,0,1
722,63,37,11,2,3,2,8,0,10,10,2,3,9,10,0,0,Вулверхэмптон , Ньюкасл,1,1,0
723,56,44,8,5,4,2,4,3,13,9,9,3,9,13,1,0,Арсенал , Лестер,0,1,2
724,50,50,4,8,3,3,1,5,14,7,6,2,7,14,2,1,Брайтон , Вест Бромвич,1,1,0
725,39,61,9,5,4,3,5,2,9,7,4,5,7,8,4,2,Бернли , Тоттенхэм,0,1,2
726,45,55,13,5,5,2,8,3,13,4,7,6,4,12,0,2,Вулверхэмптон , Кристал Пэлас,2,0,1
727,36,64,2,12,1,8,1,4,14,6,2,5,6,13,0,2,Шеффилд Юнайтед , Манчестер Сити,0,1,2
728,37,63,4,10,0,9,4,1,10,15,3,4,13,10,1,4,Бернли , Челси,0,3,2
729,72,28,8,3,5,3,3,0,13,14,1,2,14,13,1,0,Ливерпуль , Вест Хэм,2,1,1
730,55,45,12,8,10,4,2,4,12,17,11,1,17,11,2,2,Астон Вилла , Саутгемптон,3,4,2
731,38,62,7,10,4,4,3,6,9,10,5,4,10,8,1,0,Ньюкасл , Эвертон,2,1,1
732,53,47,5,7,2,2,3,5,12,12,6,3,12,11,4,0,Манчестер Юнайтед , Арсенал,0,1,2
733,44,56,9,4,3,2,6,2,14,13,4,5,11,13,0,4,Тоттенхэм , Брайтон,2,1,1
734,46,54,9,5,6,1,3,4,13,11,5,2,10,12,1,4,Фулхэм , Вест Бромвич,2,0,1
735,67,33,9,9,4,8,5,1,9,5,10,3,5,9,2,0,Лидс , Лестер,1,4,2
736,58,42,10,4,3,1,7,3,11,5,5,3,3,10,1,1,Брайтон , Бернли,0,0,0
737,60,40,10,3,8,2,2,1,12,11,8,3,10,11,4,1,Саутгемптон , Ньюкасл,2,0,1
738,54,46,6,10,1,5,5,5,12,19,5,2,19,12,3,1,Эвертон , Манчестер Юнайтед,1,3,2
739,36,64,8,7,6,3,2,4,9,16,3,6,15,8,1,1,Кристал Пэлас , Лидс,4,1,1
740,70,30,14,4,9,3,5,1,5,14,6,7,14,5,1,1,Челси , Шеффилд Юнайтед,4,1,1
741,53,47,15,7,7,3,8,4,10,9,9,5,9,9,3,2,Вест Хэм , Фулхэм,1,0,1
742,42,58,9,11,2,5,7,6,17,12,9,6,12,14,1,1,Вест Бромвич , Тоттенхэм,0,1,2
743,50,50,7,7,3,2,4,5,12,8,6,3,7,11,0,0,Лестер , Вулверхэмптон,1,0,1
744,54,46,6,7,2,3,4,4,19,11,1,2,9,18,2,5,Манчестер Сити , Ливерпуль,1,1,0
745,58,42,10,6,2,6,8,0,11,13,3,8,13,11,1,1,Арсенал , Астон Вилла,0,3,2
746,29,71,5,9,1,3,4,6,11,12,7,4,12,10,2,2,Ньюкасл , Челси,0,2,2
747,55,45,10,6,4,3,6,3,5,18,12,3,18,5,2,0,Астон Вилла , Брайтон,1,2,2
748,34,66,2,11,2,5,0,6,13,19,0,10,16,13,1,2,Тоттенхэм , Манчестер Сити,2,0,1
749,63,37,9,6,7,2,2,4,12,17,8,2,16,12,1,1,Манчестер Юнайтед , Вест Бромвич,1,0,1
750,54,46,10,7,6,7,4,0,14,10,2,5,8,13,2,3,Фулхэм , Эвертон,2,3,2
751,50,50,8,8,5,3,3,5,7,6,2,6,6,7,4,2,Шеффилд Юнайтед , Вест Хэм,0,1,2
752,66,34,20,8,4,2,16,6,9,8,5,3,8,9,0,2,Лидс , Арсенал,0,0,0
753,56,44,21,9,13,4,8,5,15,6,10,3,6,15,2,1,Ливерпуль , Лестер,3,0,1
754,47,53,7,10,4,5,3,5,13,9,4,7,8,13,2,2,Бернли , Кристал Пэлас,1,0,1
755,46,54,14,5,9,2,5,3,14,14,7,4,14,14,2,1,Вулверхэмптон , Саутгемптон,1,1,0
756,57,43,11,12,3,7,8,5,9,10,7,3,10,9,0,0,Кристал Пэлас , Ньюкасл,0,2,2
757,41,59,9,3,3,2,6,1,9,13,4,3,13,8,2,2,Брайтон , Ливерпуль,1,1,0
758,68,32,16,7,6,1,10,6,12,4,6,4,4,12,2,2,Манчестер Сити , Бернли,5,0,1
759,42,58,14,17,8,6,6,11,8,14,4,2,14,8,2,6,Эвертон , Лидс,0,1,2
760,49,51,13,15,6,5,7,10,10,9,14,9,8,9,2,2,Вест Бромвич , Шеффилд Юнайтед,1,0,1
761,50,50,8,11,5,6,3,5,12,12,5,9,12,11,0,0,Саутгемптон , Манчестер Юнайтед,2,3,2
762,60,40,10,4,3,1,7,3,20,9,3,3,9,19,3,1,Челси , Тоттенхэм,0,0,0
763,56,44,9,7,2,5,7,2,13,13,8,4,12,12,2,0,Арсенал , Вулверхэмптон,1,2,2
764,68,32,9,8,3,5,6,3,9,21,6,5,20,9,0,0,Лестер , Фулхэм,1,2,2
765,34,66,3,13,2,6,1,7,20,7,3,7,6,18,1,3,Вест Хэм , Астон Вилла,2,1,1
766,42,58,5,9,3,6,2,3,6,9,8,5,9,6,0,3,Бернли , Эвертон,1,1,0
767,68,32,13,5,5,1,8,4,7,6,9,3,5,7,1,1,Манчестер Сити , Фулхэм,2,0,1
768,40,60,15,12,6,6,9,6,9,10,5,4,9,9,4,3,Вест Хэм , Манчестер Юнайтед,1,3,2
769,46,54,18,7,11,3,7,4,12,9,8,4,9,12,1,4,Челси , Лидс,3,1,1
770,50,50,8,12,4,7,4,5,10,16,4,6,16,10,2,3,Вест Бромвич , Кристал Пэлас,1,5,2
771,30,70,3,8,1,4,2,4,13,6,6,5,6,13,4,4,Шеффилд Юнайтед , Лестер,1,2,2
772,31,69,4,9,3,2,1,7,16,12,3,9,12,15,1,0,Тоттенхэм , Арсенал,2,0,1
773,60,40,10,8,6,3,4,5,8,14,4,6,13,8,1,3,Ливерпуль , Вулверхэмптон,4,0,1
774,48,52,12,7,4,3,8,4,12,12,4,3,11,12,2,3,Брайтон , Саутгемптон,1,2,2
775,64,36,12,16,7,8,5,8,12,10,5,6,9,12,2,0,Лидс , Вест Хэм,1,2,2
776,50,50,11,8,7,2,4,6,23,15,5,8,14,21,0,2,Вулверхэмптон , Астон Вилла,0,1,2
777,46,54,8,7,7,3,1,4,9,12,4,3,12,9,3,2,Ньюкасл , Вест Бромвич,2,1,1
778,47,53,8,5,2,2,6,3,13,6,4,3,6,12,2,2,Манчестер Юнайтед , Манчестер Сити,0,0,0
779,28,72,7,7,4,3,3,4,10,11,6,6,11,9,4,1,Эвертон , Челси,1,0,1
780,68,32,13,3,6,0,7,3,8,14,8,4,13,8,3,0,Саутгемптон , Шеффилд Юнайтед,3,0,1
781,43,57,10,11,5,6,5,5,15,11,4,7,10,14,4,0,Кристал Пэлас , Тоттенхэм,1,1,0
782,25,75,9,8,5,6,4,2,9,5,6,8,4,7,2,2,Фулхэм , Ливерпуль,1,1,0
783,64,36,12,7,6,2,6,5,5,11,13,4,10,5,3,3,Арсенал , Бернли,0,1,2
784,54,46,11,8,6,4,5,4,9,10,9,5,10,8,4,1,Лестер , Брайтон,3,0,1
785,46,54,10,9,4,3,6,6,12,12,5,6,11,12,1,0,Вулверхэмптон , Челси,2,1,1
786,77,23,18,5,7,1,11,4,5,8,13,2,8,5,3,2,Манчестер Сити , Вест Бромвич,1,1,0
787,36,64,7,11,4,3,3,8,13,13,2,7,13,11,1,1,Арсенал , Саутгемптон,1,1,0
788,68,32,18,9,10,4,8,5,10,13,7,4,12,10,4,2,Лидс , Ньюкасл,5,2,1
789,61,39,6,7,2,6,4,1,12,9,4,6,9,12,2,2,Лестер , Эвертон,0,2,2
790,47,53,7,8,4,4,3,4,15,11,1,8,10,14,1,2,Фулхэм , Брайтон,0,0,0
791,75,25,12,8,11,2,1,6,8,9,7,4,8,7,2,0,Ливерпуль , Тоттенхэм,2,1,1
792,51,49,9,6,2,2,7,4,8,12,5,3,12,8,0,0,Вест Хэм , Кристал Пэлас,1,1,0
793,59,41,18,6,7,4,11,2,17,19,11,1,18,16,1,2,Астон Вилла , Бернли,0,0,0
794,41,59,11,13,6,9,5,4,17,8,6,3,6,17,2,4,Шеффилд Юнайтед , Манчестер Юнайтед,2,3,2
795,36,64,5,12,3,8,2,4,5,11,5,4,11,5,7,0,Кристал Пэлас , Ливерпуль,0,7,2
796,49,51,6,9,3,5,3,4,9,11,6,6,10,8,3,2,Саутгемптон , Манчестер Сити,0,1,2
797,43,57,6,9,2,2,4,7,9,9,4,3,9,9,1,0,Эвертон , Арсенал,2,1,1
798,50,50,10,8,5,4,5,4,7,17,2,9,16,7,1,0,Ньюкасл , Фулхэм,1,1,0
799,73,27,13,5,5,3,8,2,9,11,14,2,11,9,1,2,Брайтон , Шеффилд Юнайтед,1,1,0
800,56,44,7,10,3,4,4,6,15,14,5,3,14,15,2,4,Тоттенхэм , Лестер,0,2,2
801,42,58,20,10,14,4,6,6,6,6,11,13,6,5,2,4,Манчестер Юнайтед , Лидс,6,2,1
802,33,67,1,16,1,10,0,6,14,8,1,7,7,14,1,4,Вест Бромвич , Астон Вилла,0,3,2
803,37,63,9,8,4,3,5,5,11,15,1,7,15,11,1,2,Бернли , Вулверхэмптон,2,1,1
804,53,47,10,4,7,0,3,4,11,6,5,4,6,11,0,4,Челси , Вест Хэм,3,0,1
805,54,46,6,8,2,4,4,4,10,17,5,0,16,10,1,4,Лестер , Манчестер Юнайтед,2,2,0
806,47,53,5,3,1,2,4,1,15,12,6,3,11,13,1,4,Фулхэм , Саутгемптон,0,0,0
807,39,61,15,12,9,6,6,6,18,16,4,4,16,17,1,2,Астон Вилла , Кристал Пэлас,3,0,1
808,39,61,11,14,7,3,4,11,13,10,7,9,10,13,1,0,Арсенал , Челси,3,1,1
809,75,25,8,5,6,2,2,3,5,12,7,3,12,5,1,3,Манчестер Сити , Ньюкасл,2,0,1
810,44,56,7,6,2,3,5,3,11,10,6,3,10,11,0,2,Шеффилд Юнайтед , Эвертон,0,1,2
811,51,49,9,10,4,6,5,4,8,14,4,12,14,8,3,2,Лидс , Бернли,1,0,1
812,44,56,6,8,4,4,2,4,6,8,5,4,8,5,2,1,Вест Хэм , Брайтон,2,2,0
813,78,22,13,4,2,3,11,1,8,5,8,3,4,8,1,5,Ливерпуль , Вест Бромвич,1,1,0
814,54,46,8,5,6,3,2,2,20,13,9,2,13,20,2,0,Вулверхэмптон , Тоттенхэм,1,1,0
815,34,66,4,13,1,3,3,10,10,7,2,5,7,9,3,2,Кристал Пэлас , Лестер,1,1,0
816,63,37,12,7,5,2,7,5,16,3,11,4,3,16,1,1,Челси , Астон Вилла,1,1,0
817,62,38,7,6,3,3,4,3,16,15,4,3,14,16,2,3,Саутгемптон , Вест Хэм,0,0,0
818,25,75,3,9,1,6,2,3,7,10,3,10,10,6,1,1,Вест Бромвич , Лидс,0,5,2
819,50,50,7,9,2,3,5,6,11,4,5,4,4,11,0,0,Брайтон , Арсенал,0,1,2
820,38,62,5,5,3,3,2,2,13,17,3,5,17,12,2,2,Бернли , Шеффилд Юнайтед,1,0,1
821,58,42,8,7,3,5,5,2,11,7,2,2,7,11,4,2,Манчестер Юнайтед , Вулверхэмптон,1,0,1
822,27,73,6,8,2,4,4,4,9,13,5,12,13,9,2,4,Ньюкасл , Ливерпуль,0,0,0
823,38,62,6,9,0,7,6,2,15,13,3,4,13,14,3,2,Бернли , Манчестер Юнайтед,0,1,2
824,69,31,16,8,9,4,7,4,10,9,16,2,8,10,3,1,Манчестер Сити , Астон Вилла,2,0,1
825,59,41,11,5,5,1,6,4,9,18,5,4,18,9,1,2,Астон Вилла , Ньюкасл,2,0,1
826,52,48,12,9,6,4,6,5,13,15,6,5,14,13,2,2,Тоттенхэм , Фулхэм,1,1,0
827,60,40,7,10,2,5,5,5,9,7,5,4,6,9,2,0,Эвертон , Вест Хэм,0,1,2
828,49,51,14,11,9,5,5,6,22,10,5,10,9,22,1,1,Манчестер Юнайтед , Астон Вилла,2,1,1
829,37,63,16,14,7,5,9,9,15,13,3,5,13,15,0,1,Тоттенхэм , Лидс,3,0,1
830,45,55,6,3,4,2,2,1,8,18,3,6,16,8,0,3,Кристал Пэлас , Шеффилд Юнайтед,2,0,1
831,54,46,7,8,4,4,3,4,13,8,5,8,7,13,1,0,Брайтон , Вулверхэмптон,3,3,0
832,39,61,6,19,3,12,3,7,7,4,3,5,4,7,3,2,Вест Бромвич , Арсенал,0,4,2
833,44,56,5,8,2,3,3,5,10,11,3,6,11,10,3,3,Ньюкасл , Лестер,1,2,2
834,54,46,4,14,2,6,2,8,11,10,5,3,9,11,2,0,Челси , Манчестер Сити,1,3,2
835,33,67,6,12,3,1,3,11,5,12,1,10,12,3,6,1,Саутгемптон , Ливерпуль,1,0,1
836,66,34,10,6,4,3,6,3,13,12,5,2,11,13,2,2,Шеффилд Юнайтед , Ньюкасл,1,0,1
837,52,48,9,4,3,3,6,1,6,11,6,5,9,6,0,1,Вулверхэмптон , Эвертон,1,2,2
838,65,35,10,4,6,1,4,3,4,12,8,4,11,4,2,2,Манчестер Сити , Брайтон,1,0,1
839,67,33,9,8,4,2,5,6,11,11,7,3,11,11,1,1,Арсенал , Кристал Пэлас,0,0,0
840,59,41,11,6,6,2,5,4,10,10,3,1,9,9,2,0,Вест Хэм , Вест Бромвич,2,1,1
841,36,64,8,8,6,5,2,3,7,16,6,3,16,7,1,3,Лестер , Челси,2,0,1
842,39,61,9,11,5,5,4,6,6,10,2,8,10,6,1,2,Фулхэм , Манчестер Юнайтед,1,2,2
843,71,29,16,6,6,4,10,2,11,8,12,0,7,10,1,6,Ливерпуль , Бернли,0,1,2
844,67,33,16,10,6,5,10,5,10,14,11,0,14,8,0,2,Вулверхэмптон , Вест Бромвич,2,3,2
845,45,55,10,5,4,2,6,3,12,9,7,4,9,11,5,1,Вест Хэм , Бернли,1,0,1
846,66,34,5,5,2,2,3,3,8,9,5,2,9,8,3,0,Лидс , Брайтон,0,1,2
847,31,69,8,13,3,6,5,7,11,10,1,12,10,11,1,3,Фулхэм , Челси,0,1,2
848,48,52,14,8,5,3,9,5,10,11,2,5,10,9,5,1,Лестер , Саутгемптон,2,0,1
849,42,58,8,9,5,5,3,4,13,4,5,7,4,13,4,1,Шеффилд Юнайтед , Тоттенхэм,1,3,2
850,65,35,9,5,3,4,6,1,15,6,7,3,6,15,1,8,Ливерпуль , Манчестер Юнайтед,0,0,0
851,72,28,9,1,6,0,3,1,9,8,11,1,6,8,0,0,Манчестер Сити , Кристал Пэлас,4,0,1
852,66,34,17,3,6,1,11,2,9,8,7,2,8,9,4,1,Арсенал , Ньюкасл,3,0,1
853,54,46,6,13,3,7,3,6,9,8,3,4,8,9,0,2,Кристал Пэлас , Вест Хэм,2,3,2
854,43,57,15,6,5,2,10,4,10,15,9,5,12,9,1,0,Ньюкасл , Лидс,1,2,2
855,58,42,10,9,5,5,5,4,11,6,4,5,6,11,2,2,Саутгемптон , Арсенал,1,3,2
856,23,77,3,11,1,7,2,4,8,8,3,8,7,8,0,1,Вест Бромвич , Манчестер Сити,0,5,2
857,39,61,8,15,5,10,3,5,16,7,2,4,6,16,3,2,Бернли , Астон Вилла,3,2,1
858,78,22,10,4,5,0,5,4,14,7,13,1,7,14,2,0,Челси , Вулверхэмптон,0,0,0
859,50,50,10,8,5,3,5,5,10,14,10,0,14,10,3,0,Брайтон , Фулхэм,0,0,0
860,75,25,9,4,4,3,5,1,10,12,7,2,12,10,0,5,Манчестер Юнайтед , Шеффилд Юнайтед,1,2,2
861,35,65,6,9,2,6,4,3,12,10,5,11,10,12,2,1,Эвертон , Лестер,1,1,0
862,50,50,3,13,2,7,1,6,9,11,1,2,10,7,2,2,Тоттенхэм , Ливерпуль,1,3,2
863,60,40,9,8,3,3,6,5,13,6,7,12,5,13,4,0,Эвертон , Ньюкасл,0,2,2
864,75,25,6,3,5,1,1,2,7,10,10,0,10,7,0,1,Манчестер Сити , Шеффилд Юнайтед,1,0,1
865,48,52,8,5,2,4,6,1,7,10,1,6,10,6,1,1,Кристал Пэлас , Вулверхэмптон,1,0,1
866,38,62,5,10,3,7,2,3,9,10,2,3,9,9,1,1,Вест Бромвич , Фулхэм,2,2,0
867,44,56,11,11,3,3,8,8,9,16,4,7,16,9,0,2,Арсенал , Манчестер Юнайтед,0,0,0
868,59,41,11,7,5,4,6,3,12,11,7,1,10,11,4,5,Саутгемптон , Астон Вилла,0,1,2
869,71,29,17,1,8,0,9,1,7,9,4,2,9,7,2,2,Челси , Бернли,2,0,1
870,50,50,12,7,8,7,4,0,17,16,6,4,16,17,2,2,Лестер , Лидс,1,3,2
871,33,67,5,11,2,5,3,6,7,8,6,5,4,6,2,1,Вест Хэм , Ливерпуль,1,3,2
872,44,56,12,5,5,4,7,1,11,11,9,2,11,11,1,1,Брайтон , Тоттенхэм,1,0,1
873,30,70,3,11,2,7,1,4,8,8,0,10,8,8,0,0,Эвертон , Манчестер Сити,1,3,2
874,46,54,8,7,3,3,5,4,7,13,5,5,13,7,6,0,Бернли , Фулхэм,1,1,0
875,47,53,11,11,7,5,4,6,11,13,2,4,12,11,1,2,Лидс , Саутгемптон,3,0,1
876,54,46,11,4,7,3,4,1,11,8,9,6,7,10,1,3,Вулверхэмптон , Арсенал,2,1,1
877,68,32,10,6,6,4,4,2,11,9,9,2,9,11,0,3,Шеффилд Юнайтед , Вест Бромвич,2,1,1
878,61,39,15,5,5,3,10,2,14,11,9,1,9,13,1,2,Ньюкасл , Кристал Пэлас,1,2,2
879,74,26,19,3,14,1,5,2,11,6,5,3,6,10,3,2,Манчестер Юнайтед , Саутгемптон,9,0,1
880,57,43,5,7,1,5,4,2,17,10,5,2,10,16,1,3,Фулхэм , Лестер,0,2,2
881,26,74,2,7,0,6,2,1,8,5,1,3,5,8,3,2,Бернли , Манчестер Сити,0,2,2
882,63,37,13,10,7,6,6,4,12,12,7,1,12,12,0,1,Лидс , Эвертон,1,2,2
883,56,44,7,14,2,10,5,4,11,16,7,3,16,10,1,1,Астон Вилла , Вест Хэм,1,3,2
884,63,37,5,11,1,4,4,7,12,6,6,3,6,12,0,3,Ливерпуль , Брайтон,0,1,2
885,42,58,7,9,2,2,5,7,20,14,2,7,14,20,0,3,Тоттенхэм , Челси,0,1,2
886,34,66,11,9,8,3,3,6,12,12,3,7,11,11,1,0,Астон Вилла , Арсенал,1,0,1
887,27,73,5,10,4,5,1,5,11,14,0,7,14,11,3,5,Ньюкасл , Саутгемптон,3,2,1
888,54,46,14,8,7,2,7,6,8,10,8,7,9,8,3,0,Бернли , Брайтон,1,1,0
889,60,40,14,7,2,1,12,6,11,10,7,3,10,10,1,4,Фулхэм , Вест Хэм,0,0,0
890,62,38,11,6,5,3,6,3,14,10,5,1,9,14,0,4,Манчестер Юнайтед , Эвертон,3,3,0
891,65,35,10,4,6,1,4,3,16,12,8,0,12,16,1,4,Тоттенхэм , Вест Бромвич,2,0,1
892,44,56,7,8,1,3,6,5,11,15,8,2,14,10,0,1,Вулверхэмптон , Лестер,0,0,0
893,55,45,5,8,3,5,2,3,13,8,6,1,8,13,1,2,Ливерпуль , Манчестер Сити,1,4,2
894,32,68,6,7,3,3,3,4,8,8,1,8,8,8,2,2,Шеффилд Юнайтед , Челси,1,2,2
895,68,32,14,5,7,3,7,2,7,8,5,3,7,7,1,1,Лидс , Кристал Пэлас,2,0,1
896,38,62,10,7,6,4,4,3,7,6,2,12,6,6,2,1,Лестер , Ливерпуль,3,1,1
897,53,47,6,10,3,4,3,6,15,14,7,4,14,15,3,1,Кристал Пэлас , Бернли,0,3,2
898,60,40,10,5,6,3,4,2,12,13,4,2,13,12,1,0,Манчестер Сити , Тоттенхэм,3,0,1
899,58,42,16,2,9,1,7,1,16,12,9,2,12,14,0,3,Брайтон , Астон Вилла,0,0,0
900,51,49,6,7,3,4,3,3,10,9,4,6,9,8,6,1,Саутгемптон , Вулверхэмптон,1,2,2
901,27,73,7,7,3,7,4,0,13,10,4,5,10,12,2,3,Вест Бромвич , Манчестер Юнайтед,1,1,0
902,46,54,8,7,5,5,3,2,8,17,4,5,15,8,2,0,Арсенал , Лидс,4,2,1
903,50,50,5,9,2,3,3,6,7,16,5,4,16,7,3,2,Эвертон , Фулхэм,0,2,2
904,46,54,12,7,9,5,3,2,11,12,7,7,12,11,1,1,Вест Хэм , Шеффилд Юнайтед,3,0,1
905,65,35,13,8,6,4,7,4,9,13,10,5,12,8,0,2,Челси , Ньюкасл,2,0,1
906,41,59,10,12,5,7,5,5,13,8,7,9,7,11,1,1,Вулверхэмптон , Лидс,1,0,1
907,30,70,4,7,1,3,3,4,10,10,3,6,10,9,0,4,Саутгемптон , Челси,1,1,0
908,62,38,5,9,1,3,4,6,16,10,5,5,9,15,4,3,Бернли , Вест Бромвич,0,0,0
909,71,29,13,9,6,6,7,3,10,10,7,2,10,10,2,2,Ливерпуль , Эвертон,0,2,2
910,65,35,13,4,7,2,6,2,11,14,6,4,14,10,1,3,Фулхэм , Шеффилд Юнайтед,1,0,1
911,31,69,4,17,4,4,0,13,14,7,5,7,7,11,1,0,Вест Хэм , Тоттенхэм,2,1,1
912,50,50,7,9,2,7,5,2,11,12,7,8,12,10,4,1,Астон Вилла , Лестер,1,2,2
913,45,55,4,9,1,3,3,6,11,9,1,3,8,11,1,3,Арсенал , Манчестер Сити,0,1,2
914,71,29,11,9,7,6,4,3,9,11,6,4,11,9,2,1,Манчестер Юнайтед , Ньюкасл,3,1,1
915,74,26,16,3,5,2,11,1,11,6,13,0,6,10,3,1,Брайтон , Кристал Пэлас,1,2,2
916,63,37,5,7,3,3,2,4,8,11,4,2,10,6,2,1,Манчестер Сити , Вест Хэм,2,1,1
917,30,70,5,13,2,6,3,7,11,13,7,4,11,8,1,0,Вест Бромвич , Брайтон,1,0,1
918,69,31,8,7,3,4,5,3,14,14,7,5,13,13,0,0,Лидс , Астон Вилла,0,1,2
919,48,52,13,11,7,4,6,7,11,13,3,5,13,10,2,0,Ньюкасл , Вулверхэмптон,1,1,0
920,45,55,5,8,3,4,2,4,15,3,2,7,3,14,0,1,Лестер , Арсенал,1,3,2
921,41,59,1,14,0,4,1,10,10,14,1,3,14,10,1,0,Кристал Пэлас , Фулхэм,0,0,0
922,58,42,14,7,7,3,7,4,6,10,3,4,10,6,0,0,Тоттенхэм , Бернли,4,0,1
923,57,43,11,6,6,4,5,2,11,12,3,4,12,11,1,3,Челси , Манчестер Юнайтед,0,0,0
924,40,60,6,12,2,8,4,4,9,9,4,3,9,9,3,1,Шеффилд Юнайтед , Ливерпуль,0,2,2
925,50,50,3,6,1,3,2,3,18,13,5,8,13,18,1,1,Астон Вилла , Тоттенхэм,0,2,2
926,47,53,3,5,1,1,2,4,13,9,4,10,9,13,4,0,Эвертон , Саутгемптон,1,0,1
927,42,58,9,9,5,3,4,6,5,12,2,4,10,4,2,2,Бернли , Арсенал,1,1,0
928,50,50,7,11,2,7,5,4,17,11,7,3,11,17,2,2,Шеффилд Юнайтед , Саутгемптон,0,2,2
929,50,50,6,8,1,2,5,6,13,13,5,3,13,12,3,0,Астон Вилла , Вулверхэмптон,0,0,0
930,37,63,5,8,2,4,3,4,14,8,6,6,7,10,4,1,Брайтон , Лестер,1,2,2
931,52,48,9,7,3,5,6,2,11,10,9,7,10,11,1,1,Вест Бромвич , Ньюкасл,0,0,0
932,63,37,14,8,3,3,11,5,10,8,9,4,6,10,3,1,Ливерпуль , Фулхэм,0,1,2
933,65,35,16,6,6,6,10,0,9,12,6,2,10,9,0,1,Манчестер Сити , Манчестер Юнайтед,0,2,2
934,64,36,9,4,5,1,4,3,8,17,1,5,16,8,1,4,Тоттенхэм , Кристал Пэлас,4,1,1
935,65,35,15,5,9,1,6,4,11,12,7,3,12,10,1,0,Челси , Эвертон,2,0,1
936,35,65,11,12,5,2,6,10,9,9,6,6,9,9,1,1,Вест Хэм , Лидс,2,0,1
937,50,50,7,10,3,6,4,4,10,10,2,2,9,9,0,4,Ньюкасл , Астон Вилла,1,1,0
938,38,62,4,10,4,8,0,2,16,6,8,5,6,16,5,3,Лидс , Челси,0,0,0
939,45,55,5,7,4,1,1,6,16,15,3,2,14,15,1,1,Кристал Пэлас , Вест Бромвич,1,0,1
940,65,35,9,11,4,5,5,6,9,6,7,4,6,8,2,1,Эвертон , Бернли,1,2,2
941,47,53,0,8,0,7,0,1,14,13,4,2,12,13,1,3,Фулхэм , Манчестер Сити,0,3,2
942,59,41,5,6,4,6,1,0,11,10,4,5,10,11,1,1,Саутгемптон , Брайтон,1,2,2
943,71,29,14,1,10,0,4,1,10,9,9,1,9,10,2,0,Лестер , Шеффилд Юнайтед,5,0,1
944,52,48,11,5,3,3,8,2,12,14,6,3,13,12,0,1,Арсенал , Тоттенхэм,2,1,1
945,61,39,8,3,4,0,4,3,12,2,6,3,2,12,0,2,Манчестер Юнайтед , Вест Хэм,1,0,1
946,52,48,7,9,5,4,2,5,17,10,3,2,10,16,2,1,Вулверхэмптон , Ливерпуль,0,1,2
947,72,28,14,3,10,1,4,2,9,5,10,2,5,8,3,1,Манчестер Сити , Вулверхэмптон,4,1,1
948,39,61,12,10,7,4,5,6,6,12,5,8,11,5,3,2,Бернли , Лестер,1,1,0
949,29,71,7,9,2,4,5,5,13,6,2,7,6,13,1,1,Шеффилд Юнайтед , Астон Вилла,1,0,1
950,37,63,5,7,2,1,3,6,4,13,4,6,13,4,1,2,Кристал Пэлас , Манчестер Юнайтед,0,0,0
951,49,51,6,5,3,3,3,2,9,7,3,3,6,7,3,2,Вест Бромвич , Эвертон,0,1,2
952,54,46,5,10,1,5,4,5,9,8,5,2,8,9,1,4,Ливерпуль , Челси,0,1,2
953,51,49,10,11,6,4,4,7,13,12,13,7,12,13,1,4,Фулхэм , Лидс,1,2,2
954,65,35,7,3,6,1,1,2,12,5,3,1,5,12,2,1,Брайтон , Ньюкасл,3,0,1
955,37,63,12,11,5,7,7,4,18,8,3,5,8,15,1,0,Вест Хэм , Арсенал,3,3,0
956,59,41,10,7,3,2,7,5,13,9,4,1,9,12,4,2,Фулхэм , Тоттенхэм,0,1,2
957,58,42,15,9,10,6,5,3,6,4,5,5,4,6,1,4,Манчестер Сити , Саутгемптон,5,2,1
958,61,39,8,8,3,5,5,3,10,14,5,5,14,10,2,0,Тоттенхэм , Саутгемптон,2,1,1
959,66,34,14,11,8,7,6,4,11,6,10,3,6,11,1,4,Челси , Вест Бромвич,2,5,2
960,54,46,17,5,8,1,9,4,12,13,5,7,11,12,1,1,Лидс , Шеффилд Юнайтед,2,1,1
961,44,56,4,10,2,4,2,6,13,12,1,1,12,13,3,1,Лестер , Манчестер Сити,0,2,2
962,36,64,2,13,2,7,0,6,10,10,1,2,10,10,0,3,Арсенал , Ливерпуль,0,3,2
963,53,47,12,7,9,5,3,2,11,10,6,7,10,10,0,1,Саутгемптон , Бернли,3,2,1
964,42,58,13,9,6,5,7,4,13,14,7,3,14,13,1,3,Ньюкасл , Тоттенхэм,2,2,0
965,52,48,9,12,4,7,5,5,14,20,4,4,19,13,5,2,Астон Вилла , Фулхэм,3,1,1
966,57,43,13,3,7,3,6,0,14,7,5,6,7,13,0,2,Манчестер Юнайтед , Брайтон,2,1,1
967,48,52,14,10,7,6,7,4,10,10,3,4,9,10,2,1,Эвертон , Кристал Пэлас,1,1,0
968,66,34,18,9,5,6,13,3,9,9,4,2,8,9,1,1,Вулверхэмптон , Вест Хэм,2,3,2
969,50,50,10,7,3,3,7,4,11,8,3,4,8,11,3,1,Фулхэм , Вулверхэмптон,0,1,2
970,71,29,18,2,7,2,11,0,12,15,9,3,15,12,2,3,Манчестер Сити , Лидс,1,2,2
971,66,34,16,9,10,5,6,4,16,11,7,0,11,15,2,2,Ливерпуль , Астон Вилла,2,1,1
972,36,64,1,16,1,10,0,6,7,12,0,8,11,6,1,2,Кристал Пэлас , Челси,1,4,2
973,57,43,18,7,4,5,14,2,11,12,13,3,11,11,0,2,Бернли , Ньюкасл,1,2,2
974,37,63,4,10,4,5,0,5,7,13,1,9,13,7,3,1,Вест Хэм , Лестер,3,2,1
975,47,53,9,9,3,7,6,2,11,15,7,5,15,11,3,1,Тоттенхэм , Манчестер Юнайтед,1,3,2
976,46,54,4,8,2,5,2,3,9,6,2,4,5,9,2,3,Шеффилд Юнайтед , Арсенал,0,3,2
977,40,60,12,14,6,4,6,10,12,11,5,10,11,12,4,2,Вест Бромвич , Саутгемптон,3,0,1
978,55,45,13,7,3,1,10,6,12,7,10,3,7,12,0,1,Брайтон , Эвертон,0,0,0
979,52,48,15,7,7,3,8,4,8,8,6,3,8,8,2,0,Эвертон , Тоттенхэм,2,2,0
980,35,65,9,10,8,6,1,4,9,7,3,8,7,8,2,0,Ньюкасл , Вест Хэм,3,2,1
981,48,52,8,4,5,2,3,2,8,15,3,3,15,8,2,2,Вулверхэмптон , Шеффилд Юнайтед,1,0,1
982,69,31,13,1,5,1,8,0,9,11,11,1,11,9,5,0,Арсенал , Фулхэм,1,1,0
983,69,31,13,7,9,3,4,4,9,12,8,3,10,9,2,4,Манчестер Юнайтед , Бернли,3,1,1
984,61,39,9,13,5,7,4,6,7,15,10,8,14,6,0,4,Лидс , Ливерпуль,1,1,0
985,64,36,6,6,4,2,2,4,8,9,0,3,8,8,3,0,Челси , Брайтон,0,0,0
986,28,72,6,10,3,3,3,7,12,7,1,11,7,11,1,2,Астон Вилла , Манчестер Сити,1,2,2
987,72,28,12,4,7,1,5,3,13,12,7,3,12,13,1,0,Лестер , Вест Бромвич,3,0,1
988,59,41,6,4,3,1,3,3,13,10,7,3,10,13,2,1,Арсенал , Эвертон,0,1,2
989,68,32,17,5,9,4,8,1,9,7,6,3,6,9,1,4,Ливерпуль , Ньюкасл,1,1,0
990,45,55,6,12,2,6,4,6,9,11,4,2,11,9,3,3,Вест Хэм , Челси,0,1,2
991,32,68,4,12,3,4,1,8,13,7,2,12,6,13,0,1,Шеффилд Юнайтед , Брайтон,1,0,1
992,59,41,7,13,2,7,5,6,8,9,8,5,8,8,2,2,Вулверхэмптон , Бернли,0,4,2
993,45,55,4,11,3,4,1,7,21,11,2,6,11,21,2,0,Лидс , Манчестер Юнайтед,0,0,0
994,70,30,18,9,11,4,7,5,14,9,11,4,9,14,2,1,Астон Вилла , Вест Бромвич,2,2,0
995,66,34,11,3,5,2,6,1,13,12,7,2,12,11,2,3,Лестер , Кристал Пэлас,2,1,1
996,30,70,3,18,3,9,0,9,9,13,0,10,12,9,1,5,Саутгемптон , Лестер,1,1,0
997,58,42,9,14,2,5,7,9,9,12,9,1,12,8,0,2,Астон Вилла , Эвертон,0,0,0
998,62,38,9,6,6,4,3,2,20,13,12,8,13,20,1,2,Саутгемптон , Кристал Пэлас,3,1,1
999,30,70,8,13,4,3,4,10,9,10,2,6,9,8,3,1,Кристал Пэлас , Манчестер Сити,0,2,2
1000,42,58,13,7,5,2,8,5,17,6,2,9,6,15,0,1,Брайтон , Лидс,2,0,1
1001,49,51,6,7,5,3,1,4,15,8,1,8,7,14,7,1,Челси , Фулхэм,2,0,1
1002,48,52,10,10,3,5,7,5,10,13,3,6,11,10,2,2,Эвертон , Астон Вилла,1,2,2
1003,39,61,4,15,1,5,3,10,10,9,3,7,9,10,1,1,Ньюкасл , Арсенал,0,2,2
1004,65,35,17,4,11,1,6,3,8,9,6,6,8,7,3,0,Тоттенхэм , Шеффилд Юнайтед,4,0,1
1005,43,57,9,16,4,10,5,6,17,11,5,6,10,16,1,2,Вест Бромвич , Вулверхэмптон,1,1,0
1006,45,55,6,16,3,4,3,12,4,8,5,4,8,4,2,2,Бернли , Вест Хэм,1,2,2
1007,53,47,11,13,3,8,8,5,10,12,6,4,10,9,1,1,Манчестер Юнайтед , Ливерпуль,2,4,2
1008,68,32,16,10,9,6,7,4,12,9,9,6,9,11,2,1,Лестер , Ньюкасл,2,4,2
1009,53,47,12,7,7,3,5,4,12,10,8,6,10,12,1,2,Лидс , Тоттенхэм,3,1,1
1010,50,50,6,15,0,8,6,7,11,8,5,11,8,10,2,1,Шеффилд Юнайтед , Кристал Пэлас,0,2,2
1011,49,51,10,9,4,5,6,4,12,10,6,2,10,12,1,5,Манчестер Сити , Челси,1,2,2
1012,54,46,11,10,6,6,5,4,10,6,8,4,6,10,4,1,Ливерпуль , Саутгемптон,2,0,1
1013,60,40,9,4,6,3,3,1,12,7,10,5,7,11,0,2,Вулверхэмптон , Брайтон,2,1,1
1014,42,58,8,11,5,7,3,4,13,18,5,6,17,12,0,0,Астон Вилла , Манчестер Юнайтед,1,3,2
1015,68,32,6,7,0,3,6,4,8,10,5,6,10,8,2,2,Вест Хэм , Эвертон,0,1,2
1016,65,35,12,8,7,1,5,7,7,9,6,6,8,7,1,2,Арсенал , Вест Бромвич,3,1,1
1017,68,32,14,11,3,5,11,6,11,10,8,4,8,11,4,1,Фулхэм , Бернли,0,2,2
1018,53,47,4,6,1,3,3,3,9,12,3,4,12,9,3,0,Манчестер Юнайтед , Лестер,1,2,2
1019,67,33,14,3,5,2,9,1,7,6,9,1,5,5,4,2,Челси , Арсенал,0,1,2
1020,18,82,8,13,5,6,3,7,11,10,4,5,10,10,0,0,Ньюкасл , Манчестер Сити,3,4,2
1021,49,51,12,11,4,6,8,5,10,10,6,8,10,10,2,6,Бернли , Лидс,0,4,2
1022,47,53,9,7,7,3,2,4,9,15,6,5,14,9,3,1,Саутгемптон , Фулхэм,3,1,1
1023,51,49,4,11,2,3,2,8,7,5,3,3,4,7,0,2,Брайтон , Вест Хэм,1,1,0
1024,46,54,11,13,8,5,3,8,23,13,7,7,13,23,2,2,Кристал Пэлас , Астон Вилла,3,2,1
1025,61,39,22,10,13,3,9,7,8,11,10,3,11,8,2,3,Тоттенхэм , Вулверхэмптон,2,0,1
1026,24,76,8,16,3,6,5,10,7,14,9,13,14,7,3,2,Вест Бромвич , Ливерпуль,1,2,2
1027,62,38,11,6,6,3,5,3,8,12,11,4,12,8,0,3,Эвертон , Шеффилд Юнайтед,0,1,2
1028,51,49,14,13,3,7,11,6,10,12,4,5,12,9,2,1,Саутгемптон , Лидс,0,2,2
1029,57,43,11,7,6,5,5,2,10,15,6,1,15,10,4,1,Манчестер Юнайтед , Фулхэм,1,1,0
1030,62,38,10,6,6,4,4,2,13,11,5,3,11,13,3,1,Брайтон , Манчестер Сити,3,2,1
1031,58,42,11,6,6,3,5,3,15,16,6,5,15,14,1,0,Челси , Лестер,2,1,1
1032,50,50,14,10,5,1,9,9,7,7,5,2,7,6,2,4,Ньюкасл , Шеффилд Юнайтед,1,0,1
1033,60,40,6,13,4,4,2,9,14,13,4,5,13,14,2,3,Тоттенхэм , Астон Вилла,1,2,2
1034,41,59,8,5,4,3,4,2,11,11,7,12,11,11,0,0,Эвертон , Вулверхэмптон,1,0,1
1035,32,68,10,4,6,3,4,1,7,7,6,7,6,6,3,2,Кристал Пэлас , Арсенал,1,3,2
1036,42,58,7,12,4,3,3,9,10,7,6,7,7,8,1,1,Бернли , Ливерпуль,0,3,2
1037,52,48,9,18,4,9,5,9,8,11,6,8,10,8,2,1,Вест Бромвич , Вест Хэм,1,3,2
1038,69,31,15,5,5,4,10,1,10,8,14,1,7,10,2,1,Ливерпуль , Кристал Пэлас,2,0,1
1039,64,36,7,7,0,4,7,3,12,6,5,4,6,12,1,0,Фулхэм , Ньюкасл,0,2,2
1040,53,47,12,4,5,1,7,3,10,8,11,3,8,10,2,1,Арсенал , Брайтон,2,0,1
1041,29,71,6,18,3,7,3,11,11,12,2,9,12,11,0,2,Астон Вилла , Челси,2,1,1
1042,64,36,12,11,9,5,3,6,12,12,8,3,11,12,3,3,Лидс , Вест Бромвич,3,1,1
1043,47,53,8,6,6,4,2,2,9,8,8,7,7,8,3,1,Лестер , Тоттенхэм,2,4,2
1044,67,33,17,5,11,3,6,2,8,10,7,5,10,8,1,1,Манчестер Сити , Эвертон,5,0,1
1045,43,57,10,6,3,3,7,3,11,1,8,9,1,11,2,1,Шеффилд Юнайтед , Бернли,1,0,1
1046,37,63,13,13,7,5,6,8,5,9,2,3,9,5,5,2,Вест Хэм , Саутгемптон,3,0,1
1047,57,43,10,9,4,4,6,5,14,3,6,2,3,14,1,1,Вулверхэмптон , Манчестер Юнайтед,1,2,2
