Unnamed: 0,Владение1,Владение2,Удары по воротам1,Удары по воротам2,Удары в створ1,Удары в створ2,Удары мимо1,Удары мимо2,Фолы1,Фолы2,Угловые удары1,Угловые удары2,Штрафные удары1,Штрафные удары2,Вне игры1,Вне игры2,Команда1,Команда2,Голы1,Голы2,Результат
0,43,57,5,12,3,9,2,3,6,13,1,1,13,6,2,4,Вест Хэм , Манчестер Сити,0,5,2
1,52,48,10,7,3,3,7,4,10,19,3,4,17,9,1,1,Борнмут , Шеффилд Юнайтед,1,1,0
2,47,53,8,8,4,3,4,5,6,12,2,7,11,6,5,1,Бернли , Саутгемптон,3,0,1
3,36,64,2,6,2,3,0,3,16,14,6,2,12,16,4,0,Кристал Пэлас , Эвертон,0,0,0
4,49,51,7,5,3,3,4,2,15,11,5,2,11,14,0,3,Уотфорд , Брайтон,0,3,2
5,70,30,21,6,7,4,14,2,13,9,14,0,9,13,1,0,Тоттенхэм , Астон Вилла,3,1,1
6,39,61,6,6,2,2,4,4,12,7,5,3,7,11,1,3,Ньюкасл , Арсенал,0,1,2
7,70,30,11,6,1,2,10,4,3,13,12,3,11,3,0,1,Лестер , Вулверхэмптон,0,0,0
8,47,53,7,14,5,7,2,7,15,13,3,5,12,15,2,0,Манчестер Юнайтед , Челси,4,0,1
9,67,33,12,14,9,5,3,9,13,11,10,7,9,11,5,1,Арсенал , Бернли,2,1,1
10,37,63,10,12,3,6,7,6,10,6,5,9,4,9,4,1,Саутгемптон , Ливерпуль,1,2,2
11,57,43,13,7,4,3,9,4,11,10,8,6,10,11,2,4,Брайтон , Вест Хэм,1,1,0
12,62,38,16,8,7,4,9,4,10,13,11,5,13,10,5,2,Астон Вилла , Борнмут,1,2,2
13,63,37,11,11,8,4,3,7,9,11,7,5,11,9,2,1,Норвич , Ньюкасл,3,1,1
14,45,55,8,6,2,2,6,4,11,11,4,7,10,11,3,1,Эвертон , Уотфорд,1,0,1
15,55,45,18,3,10,2,8,1,14,4,13,2,4,13,3,1,Манчестер Сити , Тоттенхэм,2,2,0
16,43,57,9,4,3,4,6,0,16,11,8,4,10,16,0,1,Шеффилд Юнайтед , Кристал Пэлас,1,0,1
17,50,50,12,10,5,3,7,7,9,14,4,5,14,9,3,3,Челси , Лестер,1,1,0
18,35,65,5,6,2,2,3,4,17,8,4,6,6,17,1,1,Вулверхэмптон , Манчестер Юнайтед,1,1,0
19,36,64,5,8,3,1,2,7,10,18,0,6,17,10,8,1,Астон Вилла , Эвертон,2,0,1
20,47,53,6,13,5,8,1,5,9,9,1,8,7,8,0,0,Норвич , Челси,2,3,2
21,50,50,5,6,2,2,3,4,11,6,7,4,6,11,1,5,Шеффилд Юнайтед , Лестер,1,2,2
22,54,46,13,14,3,10,10,4,12,11,8,7,11,12,1,2,Уотфорд , Вест Хэм,1,3,2
23,71,29,16,4,3,3,13,1,8,18,8,1,18,7,0,0,Манчестер Юнайтед , Кристал Пэлас,1,2,2
24,50,50,9,9,3,4,6,5,9,10,8,5,10,9,1,0,Брайтон , Саутгемптон,0,2,2
25,52,48,11,7,5,3,6,4,8,5,6,4,4,7,1,4,Ливерпуль , Арсенал,3,1,1
26,27,73,9,9,7,5,2,4,7,13,4,5,13,7,2,4,Борнмут , Манчестер Сити,1,3,2
27,80,20,10,5,2,3,8,2,10,5,6,6,5,10,1,4,Тоттенхэм , Ньюкасл,0,1,2
28,65,35,10,10,2,4,8,6,9,11,4,3,11,9,1,1,Вулверхэмптон , Бернли,1,1,0
29,42,58,7,17,2,8,5,9,17,7,2,3,6,15,0,1,Саутгемптон , Манчестер Юнайтед,1,1,0
30,62,38,10,7,5,2,5,5,6,11,3,4,11,6,2,0,Челси , Шеффилд Юнайтед,2,2,0
31,55,45,11,4,6,2,5,2,9,11,4,5,10,9,2,1,Лестер , Борнмут,3,1,1
32,53,47,14,3,6,2,8,1,10,6,8,1,6,9,1,3,Манчестер Сити , Брайтон,4,0,1
33,52,48,15,5,5,2,10,3,15,16,13,2,15,15,2,0,Кристал Пэлас , Астон Вилла,1,0,1
34,49,51,8,8,5,3,3,5,5,11,6,5,11,5,6,0,Ньюкасл , Уотфорд,1,1,0
35,49,51,15,6,8,3,7,3,16,10,8,2,10,15,2,3,Вест Хэм , Норвич,2,0,1
36,37,63,6,9,2,7,4,2,10,16,6,4,15,10,5,1,Бернли , Ливерпуль,0,3,2
37,58,42,9,6,6,5,3,1,12,12,7,7,12,12,1,2,Эвертон , Вулверхэмптон,3,2,1
38,54,46,18,12,8,9,10,3,13,19,11,6,18,13,3,1,Арсенал , Тоттенхэм,2,2,0
39,75,25,18,5,9,1,9,4,5,4,10,1,4,5,2,8,Ливерпуль , Ньюкасл,3,1,1
40,46,54,8,13,4,6,4,7,8,11,7,5,10,8,1,1,Вулверхэмптон , Челси,2,5,2
41,64,36,12,8,5,6,7,2,19,11,4,3,11,19,1,0,Тоттенхэм , Кристал Пэлас,4,0,1
42,49,51,12,10,4,7,8,3,10,7,12,6,6,10,3,1,Шеффилд Юнайтед , Саутгемптон,0,1,2
43,62,38,12,7,5,1,7,6,13,7,3,6,7,13,2,2,Брайтон , Бернли,1,1,0
44,42,58,10,7,5,3,5,4,14,14,3,9,14,14,0,2,Манчестер Юнайтед , Лестер,1,0,1
45,32,68,6,14,3,8,3,6,8,7,3,16,7,8,1,0,Норвич , Манчестер Сити,3,2,1
46,41,59,11,10,6,5,5,5,5,14,7,7,14,4,4,0,Борнмут , Эвертон,3,1,1
47,52,48,25,6,10,4,15,2,14,4,7,1,4,12,1,0,Уотфорд , Арсенал,2,2,0
48,47,53,9,6,5,1,4,5,13,12,2,4,12,13,3,3,Астон Вилла , Вест Хэм,0,0,0
49,64,36,17,4,6,3,11,1,8,9,4,5,8,8,1,2,Саутгемптон , Борнмут,1,3,2
50,45,55,13,10,7,4,6,6,16,13,8,2,13,16,3,3,Лестер , Тоттенхэм,2,1,1
51,69,31,9,2,3,1,6,1,9,9,12,3,8,8,1,1,Эвертон , Шеффилд Юнайтед,0,2,2
52,42,58,8,8,6,2,2,6,11,10,7,3,9,11,2,0,Бернли , Норвич,2,0,1
53,68,32,24,4,11,4,13,0,5,9,5,4,9,5,2,2,Манчестер Сити , Уотфорд,8,0,1
54,29,71,9,9,4,3,5,6,12,8,5,3,8,12,0,3,Ньюкасл , Брайтон,0,0,0
55,50,50,9,7,4,4,5,3,7,10,6,7,10,7,1,0,Кристал Пэлас , Вулверхэмптон,1,1,0
56,47,53,7,5,6,3,1,2,8,9,3,7,9,8,2,1,Вест Хэм , Манчестер Юнайтед,2,0,1
57,55,45,10,5,2,3,8,2,8,13,6,4,13,7,7,1,Челси , Ливерпуль,1,2,2
58,58,42,16,12,6,9,10,3,13,15,9,4,14,13,2,0,Арсенал , Астон Вилла,3,2,1
59,30,70,8,13,2,4,6,9,8,4,6,5,4,8,0,1,Шеффилд Юнайтед , Ливерпуль,0,1,2
60,42,58,7,12,4,6,3,6,5,16,6,6,16,5,1,1,Тоттенхэм , Саутгемптон,2,1,1
61,40,60,6,11,2,5,4,6,5,6,1,6,5,5,2,1,Вулверхэмптон , Уотфорд,2,0,1
62,50,50,9,10,5,6,4,4,7,8,6,6,8,7,2,2,Борнмут , Вест Хэм,2,2,0
63,52,48,14,5,10,1,4,4,5,13,5,2,11,5,1,2,Челси , Брайтон,2,0,1
64,45,55,9,5,3,3,6,2,14,10,5,5,10,14,2,1,Кристал Пэлас , Норвич,2,0,1
65,60,40,10,7,3,3,7,4,10,16,7,3,16,10,2,0,Астон Вилла , Бернли,2,2,0
66,38,62,11,15,8,8,3,7,4,8,5,2,8,4,2,5,Эвертон , Манчестер Сити,1,3,2
67,68,32,10,3,5,0,5,3,12,9,9,0,9,11,0,1,Лестер , Ньюкасл,5,0,1
68,54,46,10,8,4,5,6,3,18,13,8,7,12,17,2,4,Манчестер Юнайтед , Арсенал,1,1,0
69,48,52,10,6,6,3,4,3,11,7,4,4,7,10,1,1,Брайтон , Тоттенхэм,3,0,1
70,40,60,6,7,2,3,4,4,7,6,7,7,6,7,2,3,Уотфорд , Шеффилд Юнайтед,0,0,0
71,50,50,14,2,8,1,6,1,9,17,4,6,17,8,3,2,Ливерпуль , Лестер,2,1,1
72,57,43,13,19,5,12,8,7,14,17,10,6,17,13,0,1,Норвич , Астон Вилла,1,5,2
73,41,59,7,6,3,2,4,4,5,12,7,9,12,5,5,1,Бернли , Эвертон,1,0,1
74,51,49,8,5,4,4,4,1,11,7,2,2,7,9,2,4,Вест Хэм , Кристал Пэлас,1,2,2
75,44,56,9,11,3,7,6,4,8,15,3,5,15,7,1,0,Саутгемптон , Челси,1,4,2
76,52,48,8,9,2,2,6,7,12,6,14,5,6,12,0,0,Арсенал , Борнмут,1,0,1
77,76,24,8,5,2,2,6,3,11,14,9,1,14,11,1,2,Манчестер Сити , Вулверхэмптон,0,2,2
78,32,68,7,8,2,3,5,5,12,10,4,6,9,9,1,2,Ньюкасл , Манчестер Юнайтед,1,0,1
79,51,49,15,7,10,4,5,3,15,15,11,2,14,15,9,4,Эвертон , Вест Хэм,2,0,1
80,57,43,4,10,1,5,3,5,10,17,1,3,14,9,1,2,Вулверхэмптон , Саутгемптон,1,1,0
81,69,31,5,4,2,2,3,2,5,9,11,2,8,5,5,1,Тоттенхэм , Уотфорд,1,1,0
82,64,36,12,7,3,4,9,3,4,10,9,4,10,4,2,3,Лестер , Бернли,2,1,1
83,49,51,16,13,8,5,8,8,9,17,7,5,17,9,1,0,Астон Вилла , Брайтон,2,1,1
84,48,52,8,7,2,1,6,6,8,11,6,7,11,8,2,2,Борнмут , Норвич,0,0,0
85,71,29,12,4,8,0,4,4,9,12,11,0,12,9,1,1,Челси , Ньюкасл,1,0,1
86,29,71,5,18,2,10,3,8,8,10,1,8,10,8,3,2,Кристал Пэлас , Манчестер Сити,0,2,2
87,32,68,6,8,2,4,4,4,6,14,3,1,13,6,4,1,Манчестер Юнайтед , Ливерпуль,1,1,0
88,32,68,7,7,2,3,5,4,10,12,7,12,11,8,1,1,Шеффилд Юнайтед , Арсенал,1,0,1
89,28,72,5,20,3,15,2,5,3,12,2,7,11,3,1,0,Саутгемптон , Лестер,0,9,2
90,63,37,18,7,10,5,8,2,10,5,13,7,5,10,1,2,Манчестер Сити , Астон Вилла,3,0,1
91,60,40,11,7,4,4,7,3,7,10,10,4,10,7,4,4,Вест Хэм , Шеффилд Юнайтед,1,1,0
92,55,45,7,8,4,6,3,2,12,12,0,5,12,12,3,2,Брайтон , Эвертон,3,2,1
93,41,59,6,8,3,5,3,3,14,8,5,10,6,14,5,3,Уотфорд , Борнмут,0,0,0
94,37,63,10,9,5,7,5,2,7,8,5,6,7,7,1,0,Бернли , Челси,2,4,2
95,44,56,9,10,2,5,7,5,8,16,3,6,15,8,1,1,Ньюкасл , Вулверхэмптон,1,1,0
96,68,32,16,9,13,4,3,5,9,11,8,3,11,7,0,4,Ливерпуль , Тоттенхэм,2,1,1
97,47,53,8,18,3,11,5,7,13,10,1,10,10,12,1,0,Норвич , Манчестер Юнайтед,1,3,2
98,56,44,14,6,6,4,8,2,18,9,12,5,8,18,1,1,Арсенал , Кристал Пэлас,2,2,0
99,43,57,10,10,6,4,4,6,14,12,4,10,12,13,1,4,Борнмут , Манчестер Юнайтед,1,0,1
100,69,31,12,12,6,9,6,3,10,7,7,3,7,10,1,4,Вест Хэм , Ньюкасл,2,3,2
101,57,43,9,12,4,8,5,4,6,15,8,9,15,6,2,2,Арсенал , Вулверхэмптон,1,1,0
102,75,25,13,3,4,3,9,0,11,10,17,0,9,9,3,0,Манчестер Сити , Саутгемптон,2,1,1
103,46,54,11,5,6,0,5,5,8,12,7,6,11,8,1,0,Шеффилд Юнайтед , Бернли,3,0,1
104,58,42,17,4,5,0,12,4,11,8,8,3,8,11,3,1,Брайтон , Норвич,2,0,1
105,27,73,3,16,2,6,1,10,12,9,2,10,8,11,3,2,Астон Вилла , Ливерпуль,1,2,2
106,33,67,8,12,3,10,5,2,8,5,2,6,5,8,0,0,Уотфорд , Челси,1,2,2
107,45,55,8,12,3,5,5,7,15,16,5,6,16,13,2,1,Кристал Пэлас , Лестер,0,2,2
108,48,52,6,4,3,2,3,2,9,8,5,2,8,9,1,2,Эвертон , Тоттенхэм,1,1,0
109,65,35,12,8,5,2,7,6,7,13,10,4,13,7,1,0,Норвич , Уотфорд,0,2,2
110,60,40,15,2,5,1,10,1,9,17,7,0,17,9,0,0,Челси , Кристал Пэлас,2,0,1
111,40,60,13,6,12,4,1,2,17,10,11,4,10,16,7,1,Бернли , Вест Хэм,3,0,1
112,34,66,14,11,9,4,5,7,10,5,5,4,5,10,4,1,Ньюкасл , Борнмут,2,1,1
113,61,39,13,11,5,4,8,7,6,9,4,4,9,6,1,6,Тоттенхэм , Шеффилд Юнайтед,1,1,0
114,48,52,4,14,3,5,1,9,12,12,5,9,11,12,2,0,Саутгемптон , Эвертон,1,2,2
115,50,50,16,5,7,1,9,4,10,10,5,4,10,10,1,2,Лестер , Арсенал,2,0,1
116,50,50,12,9,5,4,7,5,17,8,6,3,5,15,0,1,Вулверхэмптон , Астон Вилла,2,1,1
117,43,57,16,5,11,2,5,3,10,14,5,2,14,10,0,4,Манчестер Юнайтед , Брайтон,3,1,1
118,45,55,10,10,5,3,5,7,10,5,4,13,5,10,3,5,Ливерпуль , Манчестер Сити,3,1,1
119,48,52,8,12,4,6,4,6,12,14,3,7,14,11,4,6,Вест Хэм , Тоттенхэм,2,3,2
120,40,60,13,8,6,4,7,4,8,7,9,8,7,8,3,0,Кристал Пэлас , Ливерпуль,1,2,2
121,52,48,4,17,0,9,4,8,9,1,6,7,1,8,2,1,Брайтон , Лестер,0,2,2
122,61,39,8,8,4,5,4,3,14,13,7,5,13,14,2,2,Уотфорд , Бернли,0,3,2
123,57,43,14,8,7,5,7,3,12,11,7,7,11,11,0,0,Эвертон , Норвич,0,2,2
124,61,39,8,17,5,6,3,11,13,19,6,8,19,12,2,1,Арсенал , Саутгемптон,2,2,0
125,47,53,6,15,2,8,4,7,10,12,5,9,9,10,0,4,Борнмут , Вулверхэмптон,1,2,2
126,47,53,11,8,4,2,7,6,5,9,8,3,9,5,3,4,Манчестер Сити , Челси,2,1,1
127,41,59,9,9,8,5,1,4,13,10,6,3,9,13,3,1,Шеффилд Юнайтед , Манчестер Юнайтед,3,3,0
128,62,38,14,8,8,5,6,3,10,9,11,6,9,10,1,2,Астон Вилла , Ньюкасл,2,0,1
129,24,76,6,17,3,9,3,8,4,6,1,10,6,3,3,3,Ньюкасл , Манчестер Сити,2,2,0
130,65,35,14,5,6,4,8,1,0,16,9,3,15,0,3,0,Челси , Вест Хэм,0,1,2
131,45,55,12,9,7,5,5,4,3,10,4,5,9,2,1,6,Ливерпуль , Брайтон,2,1,1
132,44,56,12,6,4,2,8,4,13,9,5,6,8,13,1,1,Бернли , Кристал Пэлас,0,2,2
133,52,48,12,14,5,6,7,8,10,12,4,8,12,9,1,0,Тоттенхэм , Борнмут,3,2,1
134,62,38,9,6,6,3,3,3,6,10,6,7,10,6,2,4,Саутгемптон , Уотфорд,2,1,1
135,59,41,7,9,3,4,4,5,12,18,7,2,16,12,1,3,Вулверхэмптон , Шеффилд Юнайтед,1,1,0
136,40,60,13,8,8,7,5,1,8,10,7,12,10,7,1,0,Норвич , Арсенал,2,2,0
137,69,31,13,8,6,3,7,5,7,9,4,4,9,7,1,3,Лестер , Эвертон,2,1,1
138,62,38,13,7,6,3,7,4,16,8,9,9,7,16,1,4,Манчестер Юнайтед , Астон Вилла,2,2,0
139,31,69,5,5,2,3,3,2,6,15,6,9,14,6,1,0,Кристал Пэлас , Борнмут,1,0,1
140,25,75,3,12,2,8,1,4,9,6,3,6,6,9,0,2,Бернли , Манчестер Сити,1,4,2
141,63,37,10,2,6,1,4,1,13,16,7,2,16,10,3,1,Лестер , Уотфорд,2,0,1
142,50,50,13,5,7,3,6,2,8,9,5,4,8,7,3,3,Вулверхэмптон , Вест Хэм,2,0,1
143,47,53,10,6,7,5,3,1,9,9,4,3,9,9,1,1,Манчестер Юнайтед , Тоттенхэм,2,1,1
144,64,36,15,4,9,3,6,1,18,10,9,5,9,18,0,1,Челси , Астон Вилла,2,1,1
145,41,59,10,8,5,3,5,5,12,7,6,1,7,12,3,1,Саутгемптон , Норвич,2,1,1
146,58,42,8,11,5,4,3,7,13,17,5,6,16,12,3,3,Ливерпуль , Эвертон,5,2,1
147,73,27,10,5,6,4,4,1,10,6,8,1,6,10,3,2,Шеффилд Юнайтед , Ньюкасл,0,2,2
148,50,50,9,14,5,9,4,5,10,11,9,9,10,9,7,0,Арсенал , Брайтон,1,2,2
149,30,70,10,11,7,4,3,7,14,9,1,5,8,14,2,3,Эвертон , Челси,3,1,1
150,27,73,1,16,0,9,1,7,5,6,1,4,6,5,5,1,Борнмут , Ливерпуль,0,3,2
151,49,51,10,6,7,1,3,5,12,8,1,1,7,12,1,2,Тоттенхэм , Бернли,5,0,1
152,50,50,7,2,3,0,4,2,15,16,6,2,16,15,1,1,Уотфорд , Кристал Пэлас,0,0,0
153,71,29,11,9,5,7,6,2,10,10,16,3,9,10,0,0,Манчестер Сити , Манчестер Юнайтед,1,2,2
154,41,59,11,16,2,8,9,8,21,15,8,6,14,21,0,1,Астон Вилла , Лестер,1,4,2
155,46,54,6,14,6,4,0,10,11,17,3,12,17,11,0,1,Ньюкасл , Саутгемптон,2,1,1
156,58,42,9,8,4,3,5,5,6,12,9,1,11,6,1,2,Норвич , Шеффилд Юнайтед,1,2,2
157,62,38,10,8,5,6,5,2,10,7,3,4,7,9,1,3,Брайтон , Вулверхэмптон,2,2,0
158,36,64,8,6,4,3,4,3,12,6,4,3,6,12,1,0,Вест Хэм , Арсенал,1,3,2
159,67,33,14,8,6,2,8,6,8,6,6,3,4,7,5,4,Ливерпуль , Уотфорд,2,0,1
160,67,33,10,3,5,2,5,1,9,14,9,4,14,9,3,1,Челси , Борнмут,0,1,2
161,56,44,13,6,5,3,8,3,11,15,12,4,12,11,0,1,Лестер , Норвич,1,1,0
162,48,52,6,7,4,0,2,7,15,12,4,3,11,15,3,1,Бернли , Ньюкасл,1,0,1
163,56,44,5,7,3,0,2,7,10,9,3,2,7,8,3,0,Шеффилд Юнайтед , Астон Вилла,2,0,1
164,57,43,11,7,2,4,9,3,9,14,5,8,12,9,4,2,Саутгемптон , Вест Хэм,0,1,2
165,66,34,16,8,8,3,8,5,10,12,6,5,12,10,2,3,Манчестер Юнайтед , Эвертон,1,1,0
166,57,43,9,8,5,5,4,3,14,10,11,2,10,12,0,1,Вулверхэмптон , Тоттенхэм,1,2,2
167,43,57,5,10,1,7,4,3,9,24,3,3,23,8,2,1,Арсенал , Манчестер Сити,0,3,2
168,35,65,10,13,4,10,6,3,7,12,3,7,12,6,0,1,Кристал Пэлас , Брайтон,1,1,0
169,43,57,5,6,0,2,5,4,10,11,5,4,10,10,0,1,Эвертон , Арсенал,0,0,0
170,50,50,12,6,7,4,5,2,7,14,4,11,14,7,3,2,Норвич , Вулверхэмптон,1,2,2
171,43,57,5,11,3,4,2,7,12,11,4,5,11,12,2,0,Ньюкасл , Кристал Пэлас,1,0,1
172,69,31,6,7,2,2,4,5,6,11,4,3,9,5,2,3,Брайтон , Шеффилд Юнайтед,0,1,2
173,64,36,3,1,0,1,3,0,13,21,4,5,20,13,2,0,Борнмут , Бернли,0,1,2
174,56,44,13,13,6,8,7,5,16,15,7,5,15,15,2,3,Астон Вилла , Саутгемптон,1,3,2
175,62,38,19,5,12,2,7,3,14,9,6,1,8,13,1,3,Манчестер Сити , Лестер,3,1,1
176,37,63,6,14,3,8,3,6,16,11,3,5,10,14,5,4,Уотфорд , Манчестер Юнайтед,2,0,1
177,45,55,3,9,1,3,2,6,9,11,3,5,11,8,0,2,Тоттенхэм , Челси,0,2,2
178,53,47,7,10,5,5,2,5,10,9,9,2,9,10,5,0,Тоттенхэм , Брайтон,2,1,1
179,66,34,8,3,3,3,5,0,10,9,8,1,9,9,1,2,Челси , Саутгемптон,0,2,2
180,58,42,10,4,4,2,6,2,11,8,9,1,8,11,4,1,Шеффилд Юнайтед , Уотфорд,1,1,0
181,43,57,7,12,2,6,5,6,15,12,5,8,12,15,1,0,Астон Вилла , Норвич,1,0,1
182,40,60,9,8,4,2,5,6,5,13,8,3,12,5,1,0,Борнмут , Арсенал,1,1,0
183,58,42,12,7,4,2,8,5,5,10,7,6,10,5,1,2,Кристал Пэлас , Вест Хэм,2,1,1
184,67,33,13,6,5,0,8,6,15,14,10,3,14,14,0,1,Эвертон , Бернли,1,0,1
185,73,27,17,7,10,2,7,5,10,7,5,0,6,9,1,1,Манчестер Юнайтед , Ньюкасл,4,1,1
186,42,58,2,13,0,6,2,7,5,7,2,8,7,4,6,3,Лестер , Ливерпуль,0,4,2
187,61,39,14,6,8,3,6,3,7,13,3,1,12,7,0,1,Вулверхэмптон , Манчестер Сити,3,2,1
188,55,45,12,5,6,2,6,3,9,11,9,2,10,9,3,0,Брайтон , Борнмут,2,0,1
189,43,57,14,16,5,9,9,7,13,13,5,8,12,12,3,2,Ньюкасл , Эвертон,1,2,2
190,59,41,9,5,5,2,4,3,13,7,12,4,7,13,2,2,Саутгемптон , Кристал Пэлас,1,1,0
191,49,51,11,5,6,2,5,3,16,9,6,3,9,15,1,3,Уотфорд , Астон Вилла,3,0,1
192,42,58,5,8,2,7,3,1,12,10,4,6,10,11,3,3,Норвич , Тоттенхэм,2,2,0
193,43,57,9,10,4,8,5,2,16,4,5,6,4,16,2,3,Вест Хэм , Лестер,1,2,2
194,39,61,6,8,1,5,5,3,17,10,5,4,8,17,5,2,Бернли , Манчестер Юнайтед,0,2,2
195,43,57,7,10,2,4,5,6,13,19,2,3,18,13,2,1,Арсенал , Челси,1,2,2
196,62,38,7,7,3,2,4,5,7,3,5,6,2,5,2,5,Ливерпуль , Вулверхэмптон,1,0,1
197,72,28,10,6,4,0,6,6,5,6,8,5,6,4,1,5,Манчестер Сити , Шеффилд Юнайтед,2,0,1
198,30,70,7,10,4,5,3,5,6,6,3,7,6,6,1,0,Вест Хэм , Ливерпуль,0,2,2
199,48,52,9,9,5,5,4,4,8,15,5,3,15,8,0,3,Брайтон , Челси,1,1,0
200,61,39,14,9,1,6,13,3,12,10,8,4,9,12,2,1,Бернли , Астон Вилла,1,2,2
201,24,76,4,15,2,10,2,5,8,12,4,5,12,8,0,3,Ньюкасл , Лестер,0,3,2
202,37,63,7,11,3,4,4,7,12,6,4,7,4,12,1,0,Уотфорд , Вулверхэмптон,2,1,1
203,41,59,7,7,3,5,4,2,21,8,6,9,8,20,1,3,Саутгемптон , Тоттенхэм,1,0,1
204,43,57,12,3,7,2,5,1,3,12,9,2,11,3,1,3,Вест Хэм , Борнмут,4,0,1
205,41,59,12,7,4,3,8,4,12,9,2,5,9,12,2,1,Норвич , Кристал Пэлас,1,1,0
206,65,35,14,5,7,2,7,3,11,11,3,6,11,11,3,1,Манчестер Сити , Эвертон,2,1,1
207,49,51,9,7,4,4,5,3,11,15,1,4,15,11,0,0,Арсенал , Манчестер Юнайтед,2,0,1
208,74,26,12,3,7,2,5,1,5,8,8,4,5,5,1,3,Ливерпуль , Шеффилд Юнайтед,2,0,1
209,47,53,9,7,3,2,6,5,11,6,7,3,5,11,3,1,Шеффилд Юнайтед , Вест Хэм,1,0,1
210,43,57,5,6,3,4,2,2,14,22,1,4,22,14,3,1,Кристал Пэлас , Арсенал,1,1,0
211,58,42,5,15,5,10,0,5,9,17,2,4,17,8,3,2,Лестер , Саутгемптон,1,2,2
212,53,47,10,8,6,2,4,6,7,7,4,3,6,6,2,2,Эвертон , Брайтон,1,0,1
213,59,41,10,5,6,3,4,2,18,7,4,2,7,17,2,0,Манчестер Юнайтед , Норвич,4,0,1
214,65,35,12,5,8,3,4,2,7,4,10,3,4,7,6,6,Челси , Бернли,3,0,1
215,65,35,7,3,4,1,3,2,13,12,5,2,12,12,0,1,Вулверхэмптон , Ньюкасл,1,1,0
216,34,66,12,12,4,7,8,5,4,8,4,3,8,4,2,2,Тоттенхэм , Ливерпуль,0,1,2
217,56,44,8,12,1,6,7,6,3,13,5,5,13,3,0,5,Борнмут , Уотфорд,0,3,2
218,30,70,5,20,1,12,4,8,5,12,2,4,11,3,1,0,Астон Вилла , Манчестер Сити,1,6,2
219,42,58,10,11,2,5,8,6,13,13,3,3,12,12,2,3,Уотфорд , Тоттенхэм,0,0,0
220,55,45,5,8,2,3,3,5,11,13,3,4,13,11,2,4,Брайтон , Астон Вилла,1,1,0
221,72,28,16,4,6,3,10,1,9,7,14,2,6,9,0,1,Манчестер Сити , Кристал Пэлас,2,2,0
222,66,34,10,4,5,3,5,1,10,10,4,5,9,8,0,3,Норвич , Борнмут,1,0,1
223,52,48,10,7,5,4,5,3,13,12,1,3,10,13,2,2,Саутгемптон , Вулверхэмптон,2,3,2
224,49,51,10,8,6,3,4,5,11,13,7,6,13,11,3,1,Вест Хэм , Эвертон,1,1,0
225,61,39,9,10,4,4,5,6,9,13,4,5,9,8,3,0,Арсенал , Шеффилд Юнайтед,1,1,0
226,31,69,7,11,2,4,5,7,9,14,1,10,13,9,1,2,Ньюкасл , Челси,1,0,1
227,45,55,7,14,5,8,2,6,14,8,4,5,7,14,1,0,Бернли , Лестер,2,1,1
228,53,47,11,8,5,4,6,4,7,10,11,5,10,7,2,3,Ливерпуль , Манчестер Юнайтед,2,0,1
229,64,36,13,5,5,2,8,3,11,18,6,3,18,10,0,3,Астон Вилла , Уотфорд,2,1,1
230,35,65,7,14,3,8,4,6,9,12,5,8,12,8,2,1,Борнмут , Брайтон,3,1,1
231,33,67,3,13,1,5,2,8,13,13,5,13,13,12,4,1,Шеффилд Юнайтед , Манчестер Сити,0,1,2
232,45,55,5,12,0,6,5,6,12,13,0,8,13,12,2,1,Кристал Пэлас , Саутгемптон,0,2,2
233,54,46,15,6,8,3,7,3,13,10,6,4,10,12,1,0,Эвертон , Ньюкасл,2,2,0
234,58,42,13,2,8,2,5,0,11,6,17,5,6,11,2,1,Челси , Арсенал,2,2,0
235,67,33,12,5,8,2,4,3,10,19,7,8,18,9,2,1,Лестер , Вест Хэм,4,1,1
236,50,50,8,9,3,2,5,7,12,7,7,3,6,12,1,0,Тоттенхэм , Норвич,2,1,1
237,72,28,17,4,7,2,10,2,11,7,5,2,7,11,2,2,Манчестер Юнайтед , Бернли,0,2,2
238,47,53,8,7,3,6,5,1,6,11,2,4,11,4,2,0,Вулверхэмптон , Ливерпуль,1,2,2
239,50,50,9,4,4,3,5,1,16,14,4,6,14,14,1,1,Лестер , Челси,2,2,0
240,40,60,11,14,6,5,5,9,10,15,1,8,13,10,1,3,Борнмут , Астон Вилла,2,1,1
241,61,39,12,11,9,4,3,7,9,15,6,11,13,7,2,5,Ливерпуль , Саутгемптон,4,0,1
242,45,55,8,9,2,5,6,4,17,14,4,4,13,17,0,2,Уотфорд , Эвертон,2,3,2
243,36,64,9,16,6,6,3,10,8,9,4,6,9,6,2,1,Вест Хэм , Брайтон,3,3,0
244,60,40,8,6,3,3,5,3,9,15,9,5,14,9,1,0,Кристал Пэлас , Шеффилд Юнайтед,0,1,2
245,44,56,9,13,5,4,4,9,10,15,8,12,15,10,3,0,Ньюкасл , Норвич,0,0,0
246,63,37,13,9,5,4,8,5,14,15,4,6,14,14,0,1,Манчестер Юнайтед , Вулверхэмптон,0,0,0
247,43,57,12,8,2,2,10,6,8,11,5,7,11,8,4,1,Бернли , Арсенал,0,0,0
248,34,66,3,12,3,6,0,6,8,14,2,6,13,6,2,0,Тоттенхэм , Манчестер Сити,2,0,1
249,47,53,12,8,8,2,4,6,11,12,4,6,10,11,1,2,Эвертон , Кристал Пэлас,3,1,1
250,67,33,7,4,2,2,5,2,9,12,3,2,12,9,2,2,Брайтон , Уотфорд,1,1,0
251,54,46,10,9,6,2,4,7,10,8,8,4,8,10,0,1,Шеффилд Юнайтед , Борнмут,2,1,1
252,41,59,11,5,3,3,8,2,13,10,7,0,9,12,2,0,Вулверхэмптон , Лестер,0,0,0
253,63,37,7,9,2,6,5,3,8,11,4,3,11,6,1,3,Саутгемптон , Бернли,1,2,2
254,37,63,4,13,1,6,3,7,5,11,2,7,11,5,1,0,Норвич , Ливерпуль,0,1,2
255,54,46,12,16,4,10,8,6,12,10,12,7,8,12,0,1,Астон Вилла , Тоттенхэм,2,3,2
256,68,32,13,7,7,2,6,5,15,9,5,6,9,15,1,4,Арсенал , Ньюкасл,4,0,1
257,61,39,7,7,1,3,6,4,11,11,9,8,11,9,2,0,Челси , Манчестер Юнайтед,0,2,2
258,77,23,12,2,7,0,5,2,5,7,6,1,6,5,1,3,Манчестер Сити , Вест Хэм,2,0,1
259,50,50,15,3,7,3,8,0,14,14,3,5,13,14,1,0,Челси , Тоттенхэм,2,1,1
260,66,34,8,6,3,2,5,4,5,6,12,2,5,4,3,2,Шеффилд Юнайтед , Брайтон,1,1,0
261,43,57,12,8,10,4,2,4,9,9,7,4,6,8,1,1,Бернли , Борнмут,3,0,1
262,46,54,20,1,9,1,11,0,13,17,9,6,17,13,0,2,Саутгемптон , Астон Вилла,2,0,1
263,45,55,16,5,9,2,7,3,15,11,7,5,10,14,0,3,Кристал Пэлас , Ньюкасл,1,0,1
264,32,68,7,13,3,7,4,6,14,10,3,7,10,13,1,1,Лестер , Манчестер Сити,0,1,2
265,58,42,18,4,9,2,9,2,6,15,3,5,14,6,1,1,Манчестер Юнайтед , Уотфорд,3,0,1
266,40,60,15,5,6,4,9,1,11,6,4,1,6,11,1,0,Вулверхэмптон , Норвич,3,0,1
267,51,49,9,13,4,5,5,8,12,12,6,3,12,12,2,2,Арсенал , Эвертон,3,2,1
268,69,31,17,6,7,4,10,2,4,10,16,8,9,4,2,2,Ливерпуль , Вест Хэм,3,2,1
269,43,57,7,12,6,4,1,8,13,16,6,7,15,13,2,0,Норвич , Лестер,1,0,1
270,66,34,17,9,8,3,9,6,8,9,8,7,9,8,1,3,Брайтон , Кристал Пэлас,0,1,2
271,54,46,10,4,4,0,6,4,11,9,11,7,9,10,2,2,Ньюкасл , Бернли,0,0,0
272,27,73,8,18,5,6,3,12,8,5,4,14,5,8,1,2,Борнмут , Челси,2,2,0
273,34,66,12,5,7,2,5,3,8,11,4,9,7,7,0,1,Вест Хэм , Саутгемптон,3,1,1
274,30,70,12,5,5,1,7,4,4,8,3,5,8,3,5,1,Уотфорд , Ливерпуль,3,0,1
275,65,35,7,11,5,4,2,7,12,14,4,5,14,11,0,0,Тоттенхэм , Вулверхэмптон,2,3,2
276,45,55,11,10,5,5,6,5,11,11,13,8,9,10,3,1,Эвертон , Манчестер Юнайтед,1,1,0
277,74,26,10,4,6,4,4,0,10,12,9,4,12,7,1,5,Ливерпуль , Борнмут,2,1,1
278,45,55,6,5,3,3,3,2,12,16,8,8,16,11,2,1,Кристал Пэлас , Уотфорд,1,0,1
279,42,58,8,9,4,5,4,4,12,8,10,5,7,12,1,3,Шеффилд Юнайтед , Норвич,1,0,1
280,38,62,4,10,3,7,1,3,14,15,5,8,13,13,0,2,Саутгемптон , Ньюкасл,0,1,2
281,68,32,5,12,2,6,3,6,11,9,6,7,8,11,2,2,Арсенал , Вест Хэм,1,0,1
282,44,56,8,5,1,1,7,4,4,7,2,0,7,4,0,0,Вулверхэмптон , Брайтон,0,0,0
283,45,55,12,8,8,2,4,6,16,11,4,5,11,15,2,0,Бернли , Тоттенхэм,1,1,0
284,60,40,16,2,11,1,5,1,8,10,6,1,8,8,0,1,Челси , Эвертон,4,0,1
285,28,72,8,7,6,4,2,3,11,9,2,11,9,10,1,2,Манчестер Юнайтед , Манчестер Сити,2,0,1
286,64,36,14,4,7,1,7,3,15,12,9,0,11,15,3,2,Лестер , Астон Вилла,4,0,1
287,30,70,5,8,3,5,2,3,14,11,7,3,10,14,4,0,Кристал Пэлас , Саутгемптон,1,0,1
288,49,51,9,4,6,3,3,1,9,6,9,0,5,9,2,5,Ливерпуль , Лидс,4,3,1
289,58,42,8,9,3,2,5,7,13,7,8,7,7,11,2,4,Вест Хэм , Ньюкасл,0,2,2
290,36,64,4,10,1,7,3,3,12,9,2,5,9,11,4,3,Вест Бромвич , Лестер,0,3,2
291,51,49,6,11,5,4,1,7,15,7,5,3,6,14,0,1,Тоттенхэм , Эвертон,0,1,2
292,55,45,7,9,2,4,5,5,13,7,12,5,7,13,4,0,Шеффилд Юнайтед , Вулверхэмптон,0,2,2
293,52,48,9,7,3,5,6,2,8,13,4,3,11,8,0,3,Брайтон , Челси,1,3,2
294,71,29,12,5,7,4,5,1,9,11,11,1,10,8,1,1,Эвертон , Вест Бромвич,5,2,1
295,50,50,9,11,7,6,2,5,13,18,5,3,17,12,3,0,Лидс , Фулхэм,4,3,1
296,75,25,8,11,4,5,4,6,13,10,9,3,10,12,1,2,Манчестер Юнайтед , Кристал Пэлас,1,3,2
297,62,38,4,9,3,3,1,6,11,13,7,5,12,11,5,2,Арсенал , Вест Хэм,2,1,1
298,52,48,12,7,7,6,5,1,17,18,3,2,17,14,2,6,Саутгемптон , Тоттенхэм,2,5,2
299,48,52,4,12,0,6,4,6,16,15,7,1,15,15,1,2,Ньюкасл , Брайтон,0,3,2
300,39,61,5,15,3,6,2,9,10,6,1,11,6,8,1,1,Челси , Ливерпуль,0,2,2
301,67,33,8,13,6,5,2,8,11,13,15,4,12,11,0,1,Лестер , Бернли,4,2,1
302,71,29,13,3,2,1,11,2,12,13,10,4,13,12,1,0,Астон Вилла , Шеффилд Юнайтед,1,0,1
303,35,65,6,12,1,9,5,3,7,8,4,6,7,7,2,3,Вулверхэмптон , Манчестер Сити,1,3,2
304,53,47,14,4,5,3,9,1,18,16,7,1,16,17,1,4,Брайтон , Манчестер Юнайтед,2,3,2
305,43,57,3,8,1,5,2,3,16,15,7,6,14,14,1,0,Кристал Пэлас , Эвертон,1,2,2
306,25,75,7,16,3,10,4,6,8,16,3,9,15,7,1,0,Вест Бромвич , Челси,3,3,0
307,53,47,6,3,2,1,4,2,8,10,8,2,10,7,2,1,Бернли , Саутгемптон,0,1,2
308,37,63,9,14,4,9,5,5,18,4,5,7,4,15,2,1,Шеффилд Юнайтед , Лидс,0,1,2
309,65,35,19,3,12,1,7,2,15,9,10,4,8,14,0,1,Тоттенхэм , Ньюкасл,1,1,0
310,71,29,12,7,5,7,7,0,13,8,3,4,8,12,2,3,Манчестер Сити , Лестер,2,5,2
311,37,63,14,6,7,2,7,4,7,11,1,3,11,7,3,2,Вест Хэм , Вулверхэмптон,4,0,1
312,65,35,12,9,3,5,9,4,18,14,5,3,14,18,0,3,Фулхэм , Астон Вилла,0,3,2
313,66,34,15,4,8,3,7,1,11,7,7,3,7,11,0,5,Ливерпуль , Арсенал,3,1,1
314,70,30,12,2,6,0,6,2,17,13,8,5,11,16,1,0,Челси , Кристал Пэлас,4,0,1
315,44,56,8,6,6,3,2,3,13,14,3,10,13,12,0,2,Эвертон , Брайтон,4,2,1
316,52,48,9,16,7,2,2,14,11,12,7,10,12,11,2,3,Лидс , Манчестер Сити,1,1,0
317,48,52,9,5,5,3,4,2,13,17,3,4,17,13,4,5,Ньюкасл , Бернли,3,1,1
318,69,31,2,11,0,6,2,5,10,8,6,4,8,10,4,2,Лестер , Вест Хэм,0,3,2
319,61,39,12,3,7,2,5,1,19,10,5,1,10,17,1,1,Саутгемптон , Вест Бромвич,2,0,1
320,64,36,5,4,5,2,0,2,3,9,2,4,8,3,0,3,Арсенал , Шеффилд Юнайтед,2,1,1
321,48,52,8,7,5,2,3,5,15,8,6,2,6,15,0,0,Вулверхэмптон , Фулхэм,1,0,1
322,39,61,4,14,2,8,2,6,14,11,2,4,11,13,1,0,Манчестер Юнайтед , Тоттенхэм,1,6,2
323,31,69,15,9,11,8,4,1,7,10,2,7,10,7,2,1,Астон Вилла , Ливерпуль,7,2,1
324,42,58,10,16,5,8,5,8,15,9,2,5,8,13,2,3,Эвертон , Ливерпуль,2,2,0
325,53,47,8,11,5,6,3,5,11,9,6,2,8,10,3,1,Челси , Саутгемптон,3,3,0
326,58,42,9,8,5,3,4,5,15,10,6,6,10,15,0,2,Манчестер Сити , Арсенал,1,0,1
327,37,63,6,20,4,14,2,6,9,12,0,7,12,9,0,2,Ньюкасл , Манчестер Юнайтед,1,4,2
328,42,58,9,11,6,6,3,5,5,9,2,5,9,4,4,0,Шеффилд Юнайтед , Фулхэм,1,1,0
329,35,65,1,12,1,3,0,9,13,13,2,5,13,12,1,2,Кристал Пэлас , Брайтон,1,1,0
330,51,49,10,8,6,4,4,4,13,12,3,7,12,13,1,3,Тоттенхэм , Вест Хэм,3,3,0
331,50,50,7,9,5,4,2,5,18,18,2,7,18,17,2,3,Лестер , Астон Вилла,0,1,2
332,56,44,11,8,6,4,5,4,15,17,8,2,16,15,2,0,Вест Бромвич , Бернли,0,0,0
333,67,33,9,4,2,3,7,1,13,12,8,3,11,13,1,2,Лидс , Вулверхэмптон,0,1,2
334,41,59,9,22,4,9,5,13,14,17,6,5,17,14,0,0,Астон Вилла , Лидс,0,3,2
335,31,69,5,13,2,7,3,6,14,6,2,10,6,13,1,0,Вест Хэм , Манчестер Сити,1,1,0
336,64,36,12,13,3,10,9,3,11,11,4,4,11,11,1,2,Фулхэм , Кристал Пэлас,1,2,2
337,50,50,9,3,4,1,5,2,8,6,9,6,6,8,2,0,Манчестер Юнайтед , Челси,0,0,0
338,62,38,12,9,5,2,7,7,7,15,7,3,15,6,2,0,Ливерпуль , Шеффилд Юнайтед,2,1,1
339,54,46,12,3,6,2,6,1,11,11,4,5,11,10,1,1,Саутгемптон , Эвертон,2,0,1
340,63,37,11,2,3,2,8,0,10,10,2,3,9,10,0,0,Вулверхэмптон , Ньюкасл,1,1,0
341,56,44,8,5,4,2,4,3,13,9,9,3,9,13,1,0,Арсенал , Лестер,0,1,2
342,50,50,4,8,3,3,1,5,14,7,6,2,7,14,2,1,Брайтон , Вест Бромвич,1,1,0
343,39,61,9,5,4,3,5,2,9,7,4,5,7,8,4,2,Бернли , Тоттенхэм,0,1,2
344,45,55,13,5,5,2,8,3,13,4,7,6,4,12,0,2,Вулверхэмптон , Кристал Пэлас,2,0,1
345,36,64,2,12,1,8,1,4,14,6,2,5,6,13,0,2,Шеффилд Юнайтед , Манчестер Сити,0,1,2
346,37,63,4,10,0,9,4,1,10,15,3,4,13,10,1,4,Бернли , Челси,0,3,2
347,72,28,8,3,5,3,3,0,13,14,1,2,14,13,1,0,Ливерпуль , Вест Хэм,2,1,1
348,55,45,12,8,10,4,2,4,12,17,11,1,17,11,2,2,Астон Вилла , Саутгемптон,3,4,2
349,38,62,7,10,4,4,3,6,9,10,5,4,10,8,1,0,Ньюкасл , Эвертон,2,1,1
350,53,47,5,7,2,2,3,5,12,12,6,3,12,11,4,0,Манчестер Юнайтед , Арсенал,0,1,2
351,44,56,9,4,3,2,6,2,14,13,4,5,11,13,0,4,Тоттенхэм , Брайтон,2,1,1
352,46,54,9,5,6,1,3,4,13,11,5,2,10,12,1,4,Фулхэм , Вест Бромвич,2,0,1
353,67,33,9,9,4,8,5,1,9,5,10,3,5,9,2,0,Лидс , Лестер,1,4,2
354,58,42,10,4,3,1,7,3,11,5,5,3,3,10,1,1,Брайтон , Бернли,0,0,0
355,60,40,10,3,8,2,2,1,12,11,8,3,10,11,4,1,Саутгемптон , Ньюкасл,2,0,1
356,54,46,6,10,1,5,5,5,12,19,5,2,19,12,3,1,Эвертон , Манчестер Юнайтед,1,3,2
357,36,64,8,7,6,3,2,4,9,16,3,6,15,8,1,1,Кристал Пэлас , Лидс,4,1,1
358,70,30,14,4,9,3,5,1,5,14,6,7,14,5,1,1,Челси , Шеффилд Юнайтед,4,1,1
359,53,47,15,7,7,3,8,4,10,9,9,5,9,9,3,2,Вест Хэм , Фулхэм,1,0,1
360,42,58,9,11,2,5,7,6,17,12,9,6,12,14,1,1,Вест Бромвич , Тоттенхэм,0,1,2
361,50,50,7,7,3,2,4,5,12,8,6,3,7,11,0,0,Лестер , Вулверхэмптон,1,0,1
362,54,46,6,7,2,3,4,4,19,11,1,2,9,18,2,5,Манчестер Сити , Ливерпуль,1,1,0
363,58,42,10,6,2,6,8,0,11,13,3,8,13,11,1,1,Арсенал , Астон Вилла,0,3,2
364,29,71,5,9,1,3,4,6,11,12,7,4,12,10,2,2,Ньюкасл , Челси,0,2,2
365,55,45,10,6,4,3,6,3,5,18,12,3,18,5,2,0,Астон Вилла , Брайтон,1,2,2
366,34,66,2,11,2,5,0,6,13,19,0,10,16,13,1,2,Тоттенхэм , Манчестер Сити,2,0,1
367,63,37,9,6,7,2,2,4,12,17,8,2,16,12,1,1,Манчестер Юнайтед , Вест Бромвич,1,0,1
368,54,46,10,7,6,7,4,0,14,10,2,5,8,13,2,3,Фулхэм , Эвертон,2,3,2
369,50,50,8,8,5,3,3,5,7,6,2,6,6,7,4,2,Шеффилд Юнайтед , Вест Хэм,0,1,2
370,66,34,20,8,4,2,16,6,9,8,5,3,8,9,0,2,Лидс , Арсенал,0,0,0
371,56,44,21,9,13,4,8,5,15,6,10,3,6,15,2,1,Ливерпуль , Лестер,3,0,1
372,47,53,7,10,4,5,3,5,13,9,4,7,8,13,2,2,Бернли , Кристал Пэлас,1,0,1
373,46,54,14,5,9,2,5,3,14,14,7,4,14,14,2,1,Вулверхэмптон , Саутгемптон,1,1,0
374,57,43,11,12,3,7,8,5,9,10,7,3,10,9,0,0,Кристал Пэлас , Ньюкасл,0,2,2
375,41,59,9,3,3,2,6,1,9,13,4,3,13,8,2,2,Брайтон , Ливерпуль,1,1,0
376,68,32,16,7,6,1,10,6,12,4,6,4,4,12,2,2,Манчестер Сити , Бернли,5,0,1
377,42,58,14,17,8,6,6,11,8,14,4,2,14,8,2,6,Эвертон , Лидс,0,1,2
378,49,51,13,15,6,5,7,10,10,9,14,9,8,9,2,2,Вест Бромвич , Шеффилд Юнайтед,1,0,1
379,50,50,8,11,5,6,3,5,12,12,5,9,12,11,0,0,Саутгемптон , Манчестер Юнайтед,2,3,2
380,60,40,10,4,3,1,7,3,20,9,3,3,9,19,3,1,Челси , Тоттенхэм,0,0,0
381,56,44,9,7,2,5,7,2,13,13,8,4,12,12,2,0,Арсенал , Вулверхэмптон,1,2,2
382,68,32,9,8,3,5,6,3,9,21,6,5,20,9,0,0,Лестер , Фулхэм,1,2,2
383,34,66,3,13,2,6,1,7,20,7,3,7,6,18,1,3,Вест Хэм , Астон Вилла,2,1,1
384,42,58,5,9,3,6,2,3,6,9,8,5,9,6,0,3,Бернли , Эвертон,1,1,0
385,68,32,13,5,5,1,8,4,7,6,9,3,5,7,1,1,Манчестер Сити , Фулхэм,2,0,1
386,40,60,15,12,6,6,9,6,9,10,5,4,9,9,4,3,Вест Хэм , Манчестер Юнайтед,1,3,2
387,46,54,18,7,11,3,7,4,12,9,8,4,9,12,1,4,Челси , Лидс,3,1,1
388,50,50,8,12,4,7,4,5,10,16,4,6,16,10,2,3,Вест Бромвич , Кристал Пэлас,1,5,2
389,30,70,3,8,1,4,2,4,13,6,6,5,6,13,4,4,Шеффилд Юнайтед , Лестер,1,2,2
390,31,69,4,9,3,2,1,7,16,12,3,9,12,15,1,0,Тоттенхэм , Арсенал,2,0,1
391,60,40,10,8,6,3,4,5,8,14,4,6,13,8,1,3,Ливерпуль , Вулверхэмптон,4,0,1
392,48,52,12,7,4,3,8,4,12,12,4,3,11,12,2,3,Брайтон , Саутгемптон,1,2,2
393,64,36,12,16,7,8,5,8,12,10,5,6,9,12,2,0,Лидс , Вест Хэм,1,2,2
394,50,50,11,8,7,2,4,6,23,15,5,8,14,21,0,2,Вулверхэмптон , Астон Вилла,0,1,2
395,46,54,8,7,7,3,1,4,9,12,4,3,12,9,3,2,Ньюкасл , Вест Бромвич,2,1,1
396,47,53,8,5,2,2,6,3,13,6,4,3,6,12,2,2,Манчестер Юнайтед , Манчестер Сити,0,0,0
397,28,72,7,7,4,3,3,4,10,11,6,6,11,9,4,1,Эвертон , Челси,1,0,1
398,68,32,13,3,6,0,7,3,8,14,8,4,13,8,3,0,Саутгемптон , Шеффилд Юнайтед,3,0,1
399,43,57,10,11,5,6,5,5,15,11,4,7,10,14,4,0,Кристал Пэлас , Тоттенхэм,1,1,0
400,25,75,9,8,5,6,4,2,9,5,6,8,4,7,2,2,Фулхэм , Ливерпуль,1,1,0
401,64,36,12,7,6,2,6,5,5,11,13,4,10,5,3,3,Арсенал , Бернли,0,1,2
402,54,46,11,8,6,4,5,4,9,10,9,5,10,8,4,1,Лестер , Брайтон,3,0,1
403,46,54,10,9,4,3,6,6,12,12,5,6,11,12,1,0,Вулверхэмптон , Челси,2,1,1
404,77,23,18,5,7,1,11,4,5,8,13,2,8,5,3,2,Манчестер Сити , Вест Бромвич,1,1,0
405,36,64,7,11,4,3,3,8,13,13,2,7,13,11,1,1,Арсенал , Саутгемптон,1,1,0
406,68,32,18,9,10,4,8,5,10,13,7,4,12,10,4,2,Лидс , Ньюкасл,5,2,1
407,61,39,6,7,2,6,4,1,12,9,4,6,9,12,2,2,Лестер , Эвертон,0,2,2
408,47,53,7,8,4,4,3,4,15,11,1,8,10,14,1,2,Фулхэм , Брайтон,0,0,0
409,75,25,12,8,11,2,1,6,8,9,7,4,8,7,2,0,Ливерпуль , Тоттенхэм,2,1,1
410,51,49,9,6,2,2,7,4,8,12,5,3,12,8,0,0,Вест Хэм , Кристал Пэлас,1,1,0
411,59,41,18,6,7,4,11,2,17,19,11,1,18,16,1,2,Астон Вилла , Бернли,0,0,0
412,41,59,11,13,6,9,5,4,17,8,6,3,6,17,2,4,Шеффилд Юнайтед , Манчестер Юнайтед,2,3,2
413,36,64,5,12,3,8,2,4,5,11,5,4,11,5,7,0,Кристал Пэлас , Ливерпуль,0,7,2
414,49,51,6,9,3,5,3,4,9,11,6,6,10,8,3,2,Саутгемптон , Манчестер Сити,0,1,2
415,43,57,6,9,2,2,4,7,9,9,4,3,9,9,1,0,Эвертон , Арсенал,2,1,1
416,50,50,10,8,5,4,5,4,7,17,2,9,16,7,1,0,Ньюкасл , Фулхэм,1,1,0
417,73,27,13,5,5,3,8,2,9,11,14,2,11,9,1,2,Брайтон , Шеффилд Юнайтед,1,1,0
418,56,44,7,10,3,4,4,6,15,14,5,3,14,15,2,4,Тоттенхэм , Лестер,0,2,2
419,42,58,20,10,14,4,6,6,6,6,11,13,6,5,2,4,Манчестер Юнайтед , Лидс,6,2,1
420,33,67,1,16,1,10,0,6,14,8,1,7,7,14,1,4,Вест Бромвич , Астон Вилла,0,3,2
421,37,63,9,8,4,3,5,5,11,15,1,7,15,11,1,2,Бернли , Вулверхэмптон,2,1,1
422,53,47,10,4,7,0,3,4,11,6,5,4,6,11,0,4,Челси , Вест Хэм,3,0,1
423,54,46,6,8,2,4,4,4,10,17,5,0,16,10,1,4,Лестер , Манчестер Юнайтед,2,2,0
424,47,53,5,3,1,2,4,1,15,12,6,3,11,13,1,4,Фулхэм , Саутгемптон,0,0,0
425,39,61,15,12,9,6,6,6,18,16,4,4,16,17,1,2,Астон Вилла , Кристал Пэлас,3,0,1
426,39,61,11,14,7,3,4,11,13,10,7,9,10,13,1,0,Арсенал , Челси,3,1,1
427,75,25,8,5,6,2,2,3,5,12,7,3,12,5,1,3,Манчестер Сити , Ньюкасл,2,0,1
428,44,56,7,6,2,3,5,3,11,10,6,3,10,11,0,2,Шеффилд Юнайтед , Эвертон,0,1,2
429,51,49,9,10,4,6,5,4,8,14,4,12,14,8,3,2,Лидс , Бернли,1,0,1
430,44,56,6,8,4,4,2,4,6,8,5,4,8,5,2,1,Вест Хэм , Брайтон,2,2,0
431,78,22,13,4,2,3,11,1,8,5,8,3,4,8,1,5,Ливерпуль , Вест Бромвич,1,1,0
432,54,46,8,5,6,3,2,2,20,13,9,2,13,20,2,0,Вулверхэмптон , Тоттенхэм,1,1,0
433,34,66,4,13,1,3,3,10,10,7,2,5,7,9,3,2,Кристал Пэлас , Лестер,1,1,0
434,63,37,12,7,5,2,7,5,16,3,11,4,3,16,1,1,Челси , Астон Вилла,1,1,0
435,62,38,7,6,3,3,4,3,16,15,4,3,14,16,2,3,Саутгемптон , Вест Хэм,0,0,0
436,25,75,3,9,1,6,2,3,7,10,3,10,10,6,1,1,Вест Бромвич , Лидс,0,5,2
437,50,50,7,9,2,3,5,6,11,4,5,4,4,11,0,0,Брайтон , Арсенал,0,1,2
438,38,62,5,5,3,3,2,2,13,17,3,5,17,12,2,2,Бернли , Шеффилд Юнайтед,1,0,1
439,58,42,8,7,3,5,5,2,11,7,2,2,7,11,4,2,Манчестер Юнайтед , Вулверхэмптон,1,0,1
440,27,73,6,8,2,4,4,4,9,13,5,12,13,9,2,4,Ньюкасл , Ливерпуль,0,0,0
441,38,62,6,9,0,7,6,2,15,13,3,4,13,14,3,2,Бернли , Манчестер Юнайтед,0,1,2
442,69,31,16,8,9,4,7,4,10,9,16,2,8,10,3,1,Манчестер Сити , Астон Вилла,2,0,1
443,59,41,11,5,5,1,6,4,9,18,5,4,18,9,1,2,Астон Вилла , Ньюкасл,2,0,1
444,52,48,12,9,6,4,6,5,13,15,6,5,14,13,2,2,Тоттенхэм , Фулхэм,1,1,0
445,60,40,7,10,2,5,5,5,9,7,5,4,6,9,2,0,Эвертон , Вест Хэм,0,1,2
446,49,51,14,11,9,5,5,6,22,10,5,10,9,22,1,1,Манчестер Юнайтед , Астон Вилла,2,1,1
447,37,63,16,14,7,5,9,9,15,13,3,5,13,15,0,1,Тоттенхэм , Лидс,3,0,1
448,45,55,6,3,4,2,2,1,8,18,3,6,16,8,0,3,Кристал Пэлас , Шеффилд Юнайтед,2,0,1
449,54,46,7,8,4,4,3,4,13,8,5,8,7,13,1,0,Брайтон , Вулверхэмптон,3,3,0
450,39,61,6,19,3,12,3,7,7,4,3,5,4,7,3,2,Вест Бромвич , Арсенал,0,4,2
451,44,56,5,8,2,3,3,5,10,11,3,6,11,10,3,3,Ньюкасл , Лестер,1,2,2
452,54,46,4,14,2,6,2,8,11,10,5,3,9,11,2,0,Челси , Манчестер Сити,1,3,2
453,33,67,6,12,3,1,3,11,5,12,1,10,12,3,6,1,Саутгемптон , Ливерпуль,1,0,1
454,66,34,10,6,4,3,6,3,13,12,5,2,11,13,2,2,Шеффилд Юнайтед , Ньюкасл,1,0,1
455,52,48,9,4,3,3,6,1,6,11,6,5,9,6,0,1,Вулверхэмптон , Эвертон,1,2,2
456,65,35,10,4,6,1,4,3,4,12,8,4,11,4,2,2,Манчестер Сити , Брайтон,1,0,1
457,67,33,9,8,4,2,5,6,11,11,7,3,11,11,1,1,Арсенал , Кристал Пэлас,0,0,0
458,59,41,11,6,6,2,5,4,10,10,3,1,9,9,2,0,Вест Хэм , Вест Бромвич,2,1,1
459,36,64,8,8,6,5,2,3,7,16,6,3,16,7,1,3,Лестер , Челси,2,0,1
460,39,61,9,11,5,5,4,6,6,10,2,8,10,6,1,2,Фулхэм , Манчестер Юнайтед,1,2,2
461,71,29,16,6,6,4,10,2,11,8,12,0,7,10,1,6,Ливерпуль , Бернли,0,1,2
462,67,33,16,10,6,5,10,5,10,14,11,0,14,8,0,2,Вулверхэмптон , Вест Бромвич,2,3,2
463,45,55,10,5,4,2,6,3,12,9,7,4,9,11,5,1,Вест Хэм , Бернли,1,0,1
464,66,34,5,5,2,2,3,3,8,9,5,2,9,8,3,0,Лидс , Брайтон,0,1,2
465,31,69,8,13,3,6,5,7,11,10,1,12,10,11,1,3,Фулхэм , Челси,0,1,2
466,48,52,14,8,5,3,9,5,10,11,2,5,10,9,5,1,Лестер , Саутгемптон,2,0,1
467,42,58,8,9,5,5,3,4,13,4,5,7,4,13,4,1,Шеффилд Юнайтед , Тоттенхэм,1,3,2
468,65,35,9,5,3,4,6,1,15,6,7,3,6,15,1,8,Ливерпуль , Манчестер Юнайтед,0,0,0
469,72,28,9,1,6,0,3,1,9,8,11,1,6,8,0,0,Манчестер Сити , Кристал Пэлас,4,0,1
470,66,34,17,3,6,1,11,2,9,8,7,2,8,9,4,1,Арсенал , Ньюкасл,3,0,1
471,54,46,6,13,3,7,3,6,9,8,3,4,8,9,0,2,Кристал Пэлас , Вест Хэм,2,3,2
472,43,57,15,6,5,2,10,4,10,15,9,5,12,9,1,0,Ньюкасл , Лидс,1,2,2
473,58,42,10,9,5,5,5,4,11,6,4,5,6,11,2,2,Саутгемптон , Арсенал,1,3,2
474,23,77,3,11,1,7,2,4,8,8,3,8,7,8,0,1,Вест Бромвич , Манчестер Сити,0,5,2
475,39,61,8,15,5,10,3,5,16,7,2,4,6,16,3,2,Бернли , Астон Вилла,3,2,1
476,78,22,10,4,5,0,5,4,14,7,13,1,7,14,2,0,Челси , Вулверхэмптон,0,0,0
477,50,50,10,8,5,3,5,5,10,14,10,0,14,10,3,0,Брайтон , Фулхэм,0,0,0
478,75,25,9,4,4,3,5,1,10,12,7,2,12,10,0,5,Манчестер Юнайтед , Шеффилд Юнайтед,1,2,2
479,35,65,6,9,2,6,4,3,12,10,5,11,10,12,2,1,Эвертон , Лестер,1,1,0
480,50,50,3,13,2,7,1,6,9,11,1,2,10,7,2,2,Тоттенхэм , Ливерпуль,1,3,2
481,60,40,9,8,3,3,6,5,13,6,7,12,5,13,4,0,Эвертон , Ньюкасл,0,2,2
482,75,25,6,3,5,1,1,2,7,10,10,0,10,7,0,1,Манчестер Сити , Шеффилд Юнайтед,1,0,1
483,48,52,8,5,2,4,6,1,7,10,1,6,10,6,1,1,Кристал Пэлас , Вулверхэмптон,1,0,1
484,38,62,5,10,3,7,2,3,9,10,2,3,9,9,1,1,Вест Бромвич , Фулхэм,2,2,0
485,44,56,11,11,3,3,8,8,9,16,4,7,16,9,0,2,Арсенал , Манчестер Юнайтед,0,0,0
486,59,41,11,7,5,4,6,3,12,11,7,1,10,11,4,5,Саутгемптон , Астон Вилла,0,1,2
487,71,29,17,1,8,0,9,1,7,9,4,2,9,7,2,2,Челси , Бернли,2,0,1
488,50,50,12,7,8,7,4,0,17,16,6,4,16,17,2,2,Лестер , Лидс,1,3,2
489,33,67,5,11,2,5,3,6,7,8,6,5,4,6,2,1,Вест Хэм , Ливерпуль,1,3,2
490,44,56,12,5,5,4,7,1,11,11,9,2,11,11,1,1,Брайтон , Тоттенхэм,1,0,1
491,30,70,3,11,2,7,1,4,8,8,0,10,8,8,0,0,Эвертон , Манчестер Сити,1,3,2
492,46,54,8,7,3,3,5,4,7,13,5,5,13,7,6,0,Бернли , Фулхэм,1,1,0
493,47,53,11,11,7,5,4,6,11,13,2,4,12,11,1,2,Лидс , Саутгемптон,3,0,1
494,54,46,11,4,7,3,4,1,11,8,9,6,7,10,1,3,Вулверхэмптон , Арсенал,2,1,1
495,68,32,10,6,6,4,4,2,11,9,9,2,9,11,0,3,Шеффилд Юнайтед , Вест Бромвич,2,1,1
496,61,39,15,5,5,3,10,2,14,11,9,1,9,13,1,2,Ньюкасл , Кристал Пэлас,1,2,2
497,74,26,19,3,14,1,5,2,11,6,5,3,6,10,3,2,Манчестер Юнайтед , Саутгемптон,9,0,1
498,57,43,5,7,1,5,4,2,17,10,5,2,10,16,1,3,Фулхэм , Лестер,0,2,2
499,26,74,2,7,0,6,2,1,8,5,1,3,5,8,3,2,Бернли , Манчестер Сити,0,2,2
500,63,37,13,10,7,6,6,4,12,12,7,1,12,12,0,1,Лидс , Эвертон,1,2,2
501,56,44,7,14,2,10,5,4,11,16,7,3,16,10,1,1,Астон Вилла , Вест Хэм,1,3,2
502,63,37,5,11,1,4,4,7,12,6,6,3,6,12,0,3,Ливерпуль , Брайтон,0,1,2
503,42,58,7,9,2,2,5,7,20,14,2,7,14,20,0,3,Тоттенхэм , Челси,0,1,2
504,34,66,11,9,8,3,3,6,12,12,3,7,11,11,1,0,Астон Вилла , Арсенал,1,0,1
505,27,73,5,10,4,5,1,5,11,14,0,7,14,11,3,5,Ньюкасл , Саутгемптон,3,2,1
506,54,46,14,8,7,2,7,6,8,10,8,7,9,8,3,0,Бернли , Брайтон,1,1,0
507,60,40,14,7,2,1,12,6,11,10,7,3,10,10,1,4,Фулхэм , Вест Хэм,0,0,0
508,62,38,11,6,5,3,6,3,14,10,5,1,9,14,0,4,Манчестер Юнайтед , Эвертон,3,3,0
509,65,35,10,4,6,1,4,3,16,12,8,0,12,16,1,4,Тоттенхэм , Вест Бромвич,2,0,1
510,44,56,7,8,1,3,6,5,11,15,8,2,14,10,0,1,Вулверхэмптон , Лестер,0,0,0
511,55,45,5,8,3,5,2,3,13,8,6,1,8,13,1,2,Ливерпуль , Манчестер Сити,1,4,2
512,32,68,6,7,3,3,3,4,8,8,1,8,8,8,2,2,Шеффилд Юнайтед , Челси,1,2,2
513,68,32,14,5,7,3,7,2,7,8,5,3,7,7,1,1,Лидс , Кристал Пэлас,2,0,1
514,38,62,10,7,6,4,4,3,7,6,2,12,6,6,2,1,Лестер , Ливерпуль,3,1,1
515,53,47,6,10,3,4,3,6,15,14,7,4,14,15,3,1,Кристал Пэлас , Бернли,0,3,2
516,60,40,10,5,6,3,4,2,12,13,4,2,13,12,1,0,Манчестер Сити , Тоттенхэм,3,0,1
517,58,42,16,2,9,1,7,1,16,12,9,2,12,14,0,3,Брайтон , Астон Вилла,0,0,0
518,51,49,6,7,3,4,3,3,10,9,4,6,9,8,6,1,Саутгемптон , Вулверхэмптон,1,2,2
519,27,73,7,7,3,7,4,0,13,10,4,5,10,12,2,3,Вест Бромвич , Манчестер Юнайтед,1,1,0
520,46,54,8,7,5,5,3,2,8,17,4,5,15,8,2,0,Арсенал , Лидс,4,2,1
521,50,50,5,9,2,3,3,6,7,16,5,4,16,7,3,2,Эвертон , Фулхэм,0,2,2
522,46,54,12,7,9,5,3,2,11,12,7,7,12,11,1,1,Вест Хэм , Шеффилд Юнайтед,3,0,1
523,65,35,13,8,6,4,7,4,9,13,10,5,12,8,0,2,Челси , Ньюкасл,2,0,1
524,41,59,10,12,5,7,5,5,13,8,7,9,7,11,1,1,Вулверхэмптон , Лидс,1,0,1
525,30,70,4,7,1,3,3,4,10,10,3,6,10,9,0,4,Саутгемптон , Челси,1,1,0
526,62,38,5,9,1,3,4,6,16,10,5,5,9,15,4,3,Бернли , Вест Бромвич,0,0,0
527,71,29,13,9,6,6,7,3,10,10,7,2,10,10,2,2,Ливерпуль , Эвертон,0,2,2
528,65,35,13,4,7,2,6,2,11,14,6,4,14,10,1,3,Фулхэм , Шеффилд Юнайтед,1,0,1
529,31,69,4,17,4,4,0,13,14,7,5,7,7,11,1,0,Вест Хэм , Тоттенхэм,2,1,1
530,50,50,7,9,2,7,5,2,11,12,7,8,12,10,4,1,Астон Вилла , Лестер,1,2,2
531,45,55,4,9,1,3,3,6,11,9,1,3,8,11,1,3,Арсенал , Манчестер Сити,0,1,2
532,71,29,11,9,7,6,4,3,9,11,6,4,11,9,2,1,Манчестер Юнайтед , Ньюкасл,3,1,1
533,74,26,16,3,5,2,11,1,11,6,13,0,6,10,3,1,Брайтон , Кристал Пэлас,1,2,2
534,63,37,5,7,3,3,2,4,8,11,4,2,10,6,2,1,Манчестер Сити , Вест Хэм,2,1,1
535,30,70,5,13,2,6,3,7,11,13,7,4,11,8,1,0,Вест Бромвич , Брайтон,1,0,1
536,69,31,8,7,3,4,5,3,14,14,7,5,13,13,0,0,Лидс , Астон Вилла,0,1,2
537,48,52,13,11,7,4,6,7,11,13,3,5,13,10,2,0,Ньюкасл , Вулверхэмптон,1,1,0
538,45,55,5,8,3,4,2,4,15,3,2,7,3,14,0,1,Лестер , Арсенал,1,3,2
539,41,59,1,14,0,4,1,10,10,14,1,3,14,10,1,0,Кристал Пэлас , Фулхэм,0,0,0
540,58,42,14,7,7,3,7,4,6,10,3,4,10,6,0,0,Тоттенхэм , Бернли,4,0,1
541,57,43,11,6,6,4,5,2,11,12,3,4,12,11,1,3,Челси , Манчестер Юнайтед,0,0,0
542,40,60,6,12,2,8,4,4,9,9,4,3,9,9,3,1,Шеффилд Юнайтед , Ливерпуль,0,2,2
543,50,50,3,6,1,3,2,3,18,13,5,8,13,18,1,1,Астон Вилла , Тоттенхэм,0,2,2
544,47,53,3,5,1,1,2,4,13,9,4,10,9,13,4,0,Эвертон , Саутгемптон,1,0,1
545,42,58,9,9,5,3,4,6,5,12,2,4,10,4,2,2,Бернли , Арсенал,1,1,0
546,50,50,7,11,2,7,5,4,17,11,7,3,11,17,2,2,Шеффилд Юнайтед , Саутгемптон,0,2,2
547,50,50,6,8,1,2,5,6,13,13,5,3,13,12,3,0,Астон Вилла , Вулверхэмптон,0,0,0
548,37,63,5,8,2,4,3,4,14,8,6,6,7,10,4,1,Брайтон , Лестер,1,2,2
549,52,48,9,7,3,5,6,2,11,10,9,7,10,11,1,1,Вест Бромвич , Ньюкасл,0,0,0
550,63,37,14,8,3,3,11,5,10,8,9,4,6,10,3,1,Ливерпуль , Фулхэм,0,1,2
551,65,35,16,6,6,6,10,0,9,12,6,2,10,9,0,1,Манчестер Сити , Манчестер Юнайтед,0,2,2
552,64,36,9,4,5,1,4,3,8,17,1,5,16,8,1,4,Тоттенхэм , Кристал Пэлас,4,1,1
553,65,35,15,5,9,1,6,4,11,12,7,3,12,10,1,0,Челси , Эвертон,2,0,1
554,35,65,11,12,5,2,6,10,9,9,6,6,9,9,1,1,Вест Хэм , Лидс,2,0,1
555,50,50,7,10,3,6,4,4,10,10,2,2,9,9,0,4,Ньюкасл , Астон Вилла,1,1,0
556,38,62,4,10,4,8,0,2,16,6,8,5,6,16,5,3,Лидс , Челси,0,0,0
557,45,55,5,7,4,1,1,6,16,15,3,2,14,15,1,1,Кристал Пэлас , Вест Бромвич,1,0,1
558,65,35,9,11,4,5,5,6,9,6,7,4,6,8,2,1,Эвертон , Бернли,1,2,2
559,47,53,0,8,0,7,0,1,14,13,4,2,12,13,1,3,Фулхэм , Манчестер Сити,0,3,2
560,59,41,5,6,4,6,1,0,11,10,4,5,10,11,1,1,Саутгемптон , Брайтон,1,2,2
561,71,29,14,1,10,0,4,1,10,9,9,1,9,10,2,0,Лестер , Шеффилд Юнайтед,5,0,1
562,52,48,11,5,3,3,8,2,12,14,6,3,13,12,0,1,Арсенал , Тоттенхэм,2,1,1
563,61,39,8,3,4,0,4,3,12,2,6,3,2,12,0,2,Манчестер Юнайтед , Вест Хэм,1,0,1
564,52,48,7,9,5,4,2,5,17,10,3,2,10,16,2,1,Вулверхэмптон , Ливерпуль,0,1,2
565,72,28,14,3,10,1,4,2,9,5,10,2,5,8,3,1,Манчестер Сити , Вулверхэмптон,4,1,1
566,39,61,12,10,7,4,5,6,6,12,5,8,11,5,3,2,Бернли , Лестер,1,1,0
567,29,71,7,9,2,4,5,5,13,6,2,7,6,13,1,1,Шеффилд Юнайтед , Астон Вилла,1,0,1
568,37,63,5,7,2,1,3,6,4,13,4,6,13,4,1,2,Кристал Пэлас , Манчестер Юнайтед,0,0,0
569,49,51,6,5,3,3,3,2,9,7,3,3,6,7,3,2,Вест Бромвич , Эвертон,0,1,2
570,54,46,5,10,1,5,4,5,9,8,5,2,8,9,1,4,Ливерпуль , Челси,0,1,2
571,51,49,10,11,6,4,4,7,13,12,13,7,12,13,1,4,Фулхэм , Лидс,1,2,2
572,65,35,7,3,6,1,1,2,12,5,3,1,5,12,2,1,Брайтон , Ньюкасл,3,0,1
573,37,63,12,11,5,7,7,4,18,8,3,5,8,15,1,0,Вест Хэм , Арсенал,3,3,0
574,59,41,10,7,3,2,7,5,13,9,4,1,9,12,4,2,Фулхэм , Тоттенхэм,0,1,2
575,58,42,15,9,10,6,5,3,6,4,5,5,4,6,1,4,Манчестер Сити , Саутгемптон,5,2,1
576,61,39,8,8,3,5,5,3,10,14,5,5,14,10,2,0,Тоттенхэм , Саутгемптон,2,1,1
577,66,34,14,11,8,7,6,4,11,6,10,3,6,11,1,4,Челси , Вест Бромвич,2,5,2
578,54,46,17,5,8,1,9,4,12,13,5,7,11,12,1,1,Лидс , Шеффилд Юнайтед,2,1,1
579,44,56,4,10,2,4,2,6,13,12,1,1,12,13,3,1,Лестер , Манчестер Сити,0,2,2
580,36,64,2,13,2,7,0,6,10,10,1,2,10,10,0,3,Арсенал , Ливерпуль,0,3,2
581,53,47,12,7,9,5,3,2,11,10,6,7,10,10,0,1,Саутгемптон , Бернли,3,2,1
582,42,58,13,9,6,5,7,4,13,14,7,3,14,13,1,3,Ньюкасл , Тоттенхэм,2,2,0
583,52,48,9,12,4,7,5,5,14,20,4,4,19,13,5,2,Астон Вилла , Фулхэм,3,1,1
584,57,43,13,3,7,3,6,0,14,7,5,6,7,13,0,2,Манчестер Юнайтед , Брайтон,2,1,1
585,48,52,14,10,7,6,7,4,10,10,3,4,9,10,2,1,Эвертон , Кристал Пэлас,1,1,0
586,66,34,18,9,5,6,13,3,9,9,4,2,8,9,1,1,Вулверхэмптон , Вест Хэм,2,3,2
587,50,50,10,7,3,3,7,4,11,8,3,4,8,11,3,1,Фулхэм , Вулверхэмптон,0,1,2
588,71,29,18,2,7,2,11,0,12,15,9,3,15,12,2,3,Манчестер Сити , Лидс,1,2,2
589,66,34,16,9,10,5,6,4,16,11,7,0,11,15,2,2,Ливерпуль , Астон Вилла,2,1,1
590,36,64,1,16,1,10,0,6,7,12,0,8,11,6,1,2,Кристал Пэлас , Челси,1,4,2
591,57,43,18,7,4,5,14,2,11,12,13,3,11,11,0,2,Бернли , Ньюкасл,1,2,2
592,37,63,4,10,4,5,0,5,7,13,1,9,13,7,3,1,Вест Хэм , Лестер,3,2,1
593,47,53,9,9,3,7,6,2,11,15,7,5,15,11,3,1,Тоттенхэм , Манчестер Юнайтед,1,3,2
594,46,54,4,8,2,5,2,3,9,6,2,4,5,9,2,3,Шеффилд Юнайтед , Арсенал,0,3,2
595,40,60,12,14,6,4,6,10,12,11,5,10,11,12,4,2,Вест Бромвич , Саутгемптон,3,0,1
596,55,45,13,7,3,1,10,6,12,7,10,3,7,12,0,1,Брайтон , Эвертон,0,0,0
597,52,48,15,7,7,3,8,4,8,8,6,3,8,8,2,0,Эвертон , Тоттенхэм,2,2,0
598,35,65,9,10,8,6,1,4,9,7,3,8,7,8,2,0,Ньюкасл , Вест Хэм,3,2,1
599,48,52,8,4,5,2,3,2,8,15,3,3,15,8,2,2,Вулверхэмптон , Шеффилд Юнайтед,1,0,1
600,69,31,13,1,5,1,8,0,9,11,11,1,11,9,5,0,Арсенал , Фулхэм,1,1,0
601,69,31,13,7,9,3,4,4,9,12,8,3,10,9,2,4,Манчестер Юнайтед , Бернли,3,1,1
602,61,39,9,13,5,7,4,6,7,15,10,8,14,6,0,4,Лидс , Ливерпуль,1,1,0
603,64,36,6,6,4,2,2,4,8,9,0,3,8,8,3,0,Челси , Брайтон,0,0,0
604,28,72,6,10,3,3,3,7,12,7,1,11,7,11,1,2,Астон Вилла , Манчестер Сити,1,2,2
605,72,28,12,4,7,1,5,3,13,12,7,3,12,13,1,0,Лестер , Вест Бромвич,3,0,1
606,59,41,6,4,3,1,3,3,13,10,7,3,10,13,2,1,Арсенал , Эвертон,0,1,2
607,68,32,17,5,9,4,8,1,9,7,6,3,6,9,1,4,Ливерпуль , Ньюкасл,1,1,0
608,45,55,6,12,2,6,4,6,9,11,4,2,11,9,3,3,Вест Хэм , Челси,0,1,2
609,32,68,4,12,3,4,1,8,13,7,2,12,6,13,0,1,Шеффилд Юнайтед , Брайтон,1,0,1
610,59,41,7,13,2,7,5,6,8,9,8,5,8,8,2,2,Вулверхэмптон , Бернли,0,4,2
611,45,55,4,11,3,4,1,7,21,11,2,6,11,21,2,0,Лидс , Манчестер Юнайтед,0,0,0
612,70,30,18,9,11,4,7,5,14,9,11,4,9,14,2,1,Астон Вилла , Вест Бромвич,2,2,0
613,66,34,11,3,5,2,6,1,13,12,7,2,12,11,2,3,Лестер , Кристал Пэлас,2,1,1
614,30,70,3,18,3,9,0,9,9,13,0,10,12,9,1,5,Саутгемптон , Лестер,1,1,0
615,58,42,9,14,2,5,7,9,9,12,9,1,12,8,0,2,Астон Вилла , Эвертон,0,0,0
616,62,38,9,6,6,4,3,2,20,13,12,8,13,20,1,2,Саутгемптон , Кристал Пэлас,3,1,1
617,30,70,8,13,4,3,4,10,9,10,2,6,9,8,3,1,Кристал Пэлас , Манчестер Сити,0,2,2
618,42,58,13,7,5,2,8,5,17,6,2,9,6,15,0,1,Брайтон , Лидс,2,0,1
619,49,51,6,7,5,3,1,4,15,8,1,8,7,14,7,1,Челси , Фулхэм,2,0,1
620,48,52,10,10,3,5,7,5,10,13,3,6,11,10,2,2,Эвертон , Астон Вилла,1,2,2
621,39,61,4,15,1,5,3,10,10,9,3,7,9,10,1,1,Ньюкасл , Арсенал,0,2,2
622,65,35,17,4,11,1,6,3,8,9,6,6,8,7,3,0,Тоттенхэм , Шеффилд Юнайтед,4,0,1
623,43,57,9,16,4,10,5,6,17,11,5,6,10,16,1,2,Вест Бромвич , Вулверхэмптон,1,1,0
624,45,55,6,16,3,4,3,12,4,8,5,4,8,4,2,2,Бернли , Вест Хэм,1,2,2
625,53,47,11,13,3,8,8,5,10,12,6,4,10,9,1,1,Манчестер Юнайтед , Ливерпуль,2,4,2
626,68,32,16,10,9,6,7,4,12,9,9,6,9,11,2,1,Лестер , Ньюкасл,2,4,2
627,53,47,12,7,7,3,5,4,12,10,8,6,10,12,1,2,Лидс , Тоттенхэм,3,1,1
628,50,50,6,15,0,8,6,7,11,8,5,11,8,10,2,1,Шеффилд Юнайтед , Кристал Пэлас,0,2,2
629,49,51,10,9,4,5,6,4,12,10,6,2,10,12,1,5,Манчестер Сити , Челси,1,2,2
630,54,46,11,10,6,6,5,4,10,6,8,4,6,10,4,1,Ливерпуль , Саутгемптон,2,0,1
631,60,40,9,4,6,3,3,1,12,7,10,5,7,11,0,2,Вулверхэмптон , Брайтон,2,1,1
632,42,58,8,11,5,7,3,4,13,18,5,6,17,12,0,0,Астон Вилла , Манчестер Юнайтед,1,3,2
633,68,32,6,7,0,3,6,4,8,10,5,6,10,8,2,2,Вест Хэм , Эвертон,0,1,2
634,65,35,12,8,7,1,5,7,7,9,6,6,8,7,1,2,Арсенал , Вест Бромвич,3,1,1
635,68,32,14,11,3,5,11,6,11,10,8,4,8,11,4,1,Фулхэм , Бернли,0,2,2
636,53,47,4,6,1,3,3,3,9,12,3,4,12,9,3,0,Манчестер Юнайтед , Лестер,1,2,2
637,67,33,14,3,5,2,9,1,7,6,9,1,5,5,4,2,Челси , Арсенал,0,1,2
638,18,82,8,13,5,6,3,7,11,10,4,5,10,10,0,0,Ньюкасл , Манчестер Сити,3,4,2
639,49,51,12,11,4,6,8,5,10,10,6,8,10,10,2,6,Бернли , Лидс,0,4,2
640,47,53,9,7,7,3,2,4,9,15,6,5,14,9,3,1,Саутгемптон , Фулхэм,3,1,1
641,51,49,4,11,2,3,2,8,7,5,3,3,4,7,0,2,Брайтон , Вест Хэм,1,1,0
642,46,54,11,13,8,5,3,8,23,13,7,7,13,23,2,2,Кристал Пэлас , Астон Вилла,3,2,1
643,61,39,22,10,13,3,9,7,8,11,10,3,11,8,2,3,Тоттенхэм , Вулверхэмптон,2,0,1
644,24,76,8,16,3,6,5,10,7,14,9,13,14,7,3,2,Вест Бромвич , Ливерпуль,1,2,2
645,62,38,11,6,6,3,5,3,8,12,11,4,12,8,0,3,Эвертон , Шеффилд Юнайтед,0,1,2
646,51,49,14,13,3,7,11,6,10,12,4,5,12,9,2,1,Саутгемптон , Лидс,0,2,2
647,57,43,11,7,6,5,5,2,10,15,6,1,15,10,4,1,Манчестер Юнайтед , Фулхэм,1,1,0
648,62,38,10,6,6,4,4,2,13,11,5,3,11,13,3,1,Брайтон , Манчестер Сити,3,2,1
649,58,42,11,6,6,3,5,3,15,16,6,5,15,14,1,0,Челси , Лестер,2,1,1
650,50,50,14,10,5,1,9,9,7,7,5,2,7,6,2,4,Ньюкасл , Шеффилд Юнайтед,1,0,1
651,60,40,6,13,4,4,2,9,14,13,4,5,13,14,2,3,Тоттенхэм , Астон Вилла,1,2,2
652,41,59,8,5,4,3,4,2,11,11,7,12,11,11,0,0,Эвертон , Вулверхэмптон,1,0,1
653,32,68,10,4,6,3,4,1,7,7,6,7,6,6,3,2,Кристал Пэлас , Арсенал,1,3,2
654,42,58,7,12,4,3,3,9,10,7,6,7,7,8,1,1,Бернли , Ливерпуль,0,3,2
655,52,48,9,18,4,9,5,9,8,11,6,8,10,8,2,1,Вест Бромвич , Вест Хэм,1,3,2
656,69,31,15,5,5,4,10,1,10,8,14,1,7,10,2,1,Ливерпуль , Кристал Пэлас,2,0,1
657,64,36,7,7,0,4,7,3,12,6,5,4,6,12,1,0,Фулхэм , Ньюкасл,0,2,2
658,53,47,12,4,5,1,7,3,10,8,11,3,8,10,2,1,Арсенал , Брайтон,2,0,1
659,29,71,6,18,3,7,3,11,11,12,2,9,12,11,0,2,Астон Вилла , Челси,2,1,1
660,64,36,12,11,9,5,3,6,12,12,8,3,11,12,3,3,Лидс , Вест Бромвич,3,1,1
661,47,53,8,6,6,4,2,2,9,8,8,7,7,8,3,1,Лестер , Тоттенхэм,2,4,2
662,67,33,17,5,11,3,6,2,8,10,7,5,10,8,1,1,Манчестер Сити , Эвертон,5,0,1
663,43,57,10,6,3,3,7,3,11,1,8,9,1,11,2,1,Шеффилд Юнайтед , Бернли,1,0,1
664,37,63,13,13,7,5,6,8,5,9,2,3,9,5,5,2,Вест Хэм , Саутгемптон,3,0,1
665,36,64,8,18,3,4,5,14,12,8,2,5,7,12,1,1,Брентфорд , Арсенал,2,0,1
666,49,51,13,9,8,3,5,6,11,9,5,4,9,10,2,3,Манчестер Юнайтед , Лидс,5,1,1
667,36,64,11,12,3,8,8,4,10,7,7,6,7,10,1,0,Бернли , Брайтон,1,2,2
668,61,39,11,3,6,1,5,2,15,11,5,2,11,14,0,1,Челси , Кристал Пэлас,3,0,1
669,38,62,11,8,7,2,4,6,18,13,2,4,13,18,0,2,Уотфорд , Астон Вилла,3,2,1
670,49,51,11,4,6,3,5,1,13,15,6,8,14,11,0,0,Эвертон , Саутгемптон,3,1,1
671,56,44,8,10,5,3,3,7,6,10,5,4,10,6,5,4,Лестер , Вулверхэмптон,1,0,1
672,50,50,11,15,3,8,8,7,4,14,3,11,14,3,2,0,Норвич , Ливерпуль,0,3,2
673,47,53,10,13,3,9,7,4,4,3,7,6,3,4,1,2,Ньюкасл , Вест Хэм,2,4,2
674,35,65,8,13,3,4,5,9,11,8,3,11,8,11,3,1,Тоттенхэм , Манчестер Сити,1,0,1
675,66,34,19,8,9,3,10,5,6,12,8,4,12,6,3,7,Ливерпуль , Бернли,2,0,1
676,48,52,9,8,2,1,7,7,8,18,3,4,16,8,3,2,Астон Вилла , Ньюкасл,2,0,1
677,52,48,7,10,2,3,5,7,12,9,3,5,8,10,1,2,Кристал Пэлас , Брентфорд,0,0,0
678,70,30,10,13,4,8,6,5,6,13,8,5,12,6,0,0,Лидс , Эвертон,2,2,0
679,66,34,10,1,4,0,6,1,13,7,6,1,6,13,2,3,Манчестер Сити , Норвич,5,0,1
680,56,44,8,6,3,1,5,5,11,6,7,2,6,11,1,1,Брайтон , Уотфорд,2,0,1
681,37,63,7,11,3,4,4,7,12,10,7,7,10,12,0,2,Саутгемптон , Манчестер Юнайтед,1,1,0
682,57,43,15,6,6,6,9,0,9,7,5,4,7,9,2,0,Вулверхэмптон , Тоттенхэм,0,1,2
683,35,65,5,11,3,5,2,6,10,4,9,8,3,10,5,0,Арсенал , Челси,0,2,2
684,51,49,17,3,7,1,10,2,8,8,10,0,8,8,2,0,Вест Хэм , Лестер,4,1,1
685,80,20,15,1,10,0,5,1,5,7,14,0,7,5,1,3,Манчестер Сити , Арсенал,5,0,1
686,46,54,7,5,4,2,3,3,10,7,5,3,5,10,1,2,Вест Хэм , Кристал Пэлас,2,2,0
687,47,53,7,4,5,2,2,2,15,14,3,2,13,14,1,2,Астон Вилла , Брентфорд,1,1,0
688,65,35,8,9,3,5,5,4,7,9,4,5,8,7,1,0,Брайтон , Эвертон,0,2,2
689,37,63,10,13,5,6,5,7,11,6,4,4,5,10,5,0,Ньюкасл , Саутгемптон,2,2,0
690,45,55,10,8,4,3,6,5,8,9,9,9,9,7,2,2,Норвич , Лестер,1,2,2
691,65,35,19,4,7,3,12,1,13,4,12,3,3,12,0,2,Ливерпуль , Челси,1,1,0
692,36,64,8,7,3,2,5,5,13,9,5,5,9,12,2,2,Бернли , Лидс,1,1,0
693,57,43,12,6,8,2,4,4,8,14,10,3,14,8,2,1,Тоттенхэм , Уотфорд,1,0,1
694,45,55,12,8,6,3,6,5,7,9,5,7,9,7,5,4,Вулверхэмптон , Манчестер Юнайтед,0,1,2
695,62,38,11,2,4,1,7,1,13,15,8,2,11,13,0,0,Кристал Пэлас , Тоттенхэм,3,0,1
696,44,56,6,11,2,5,4,6,15,13,6,8,13,13,1,2,Уотфорд , Вулверхэмптон,0,2,2
697,40,60,4,15,1,8,3,7,4,11,5,8,10,4,2,4,Лестер , Манчестер Сити,0,1,2
698,42,58,8,6,3,3,5,3,10,12,5,4,12,10,0,2,Саутгемптон , Вест Хэм,0,0,0
699,64,36,16,9,7,3,9,6,9,2,7,3,2,9,1,3,Манчестер Юнайтед , Ньюкасл,4,1,1
700,51,49,20,4,7,1,13,3,9,11,8,4,11,9,2,0,Арсенал , Норвич,1,0,1
701,42,58,7,3,1,2,6,1,9,12,1,6,12,9,0,2,Брентфорд , Брайтон,0,1,2
702,56,44,10,9,4,6,6,3,11,11,4,11,10,11,2,1,Челси , Астон Вилла,3,0,1
703,45,55,8,15,4,9,4,6,9,8,2,11,7,9,2,4,Лидс , Ливерпуль,0,3,2
704,51,49,10,9,6,6,4,3,3,6,4,6,5,3,2,2,Эвертон , Бернли,3,1,1
705,36,64,15,18,7,9,8,9,9,11,4,5,11,9,1,1,Ньюкасл , Лидс,1,1,0
706,61,39,8,8,0,3,8,5,10,7,4,2,6,10,2,2,Вулверхэмптон , Брентфорд,0,2,2
707,59,41,15,7,10,2,5,5,17,11,10,5,9,16,1,3,Ливерпуль , Кристал Пэлас,3,0,1
708,63,37,9,4,1,2,8,2,5,12,8,5,10,5,4,0,Манчестер Сити , Саутгемптон,0,0,0
709,49,51,8,11,5,8,3,3,10,14,4,8,14,9,1,0,Норвич , Уотфорд,1,3,2
710,45,55,13,7,3,3,10,4,9,8,8,3,8,9,4,2,Бернли , Арсенал,0,1,2
711,55,45,9,6,3,1,6,5,7,10,5,4,10,7,0,2,Астон Вилла , Эвертон,3,0,1
712,40,60,9,14,4,10,5,4,5,8,2,11,6,5,2,0,Вест Хэм , Манчестер Юнайтед,1,2,2
713,38,62,9,8,5,3,4,5,8,10,4,9,9,7,3,2,Брайтон , Лестер,2,1,1
714,47,53,6,13,2,10,4,3,4,15,5,11,15,4,0,1,Тоттенхэм , Челси,0,3,2
715,41,59,1,9,0,4,1,5,12,10,4,13,9,12,3,4,Челси , Манчестер Сити,0,1,2
716,59,41,15,6,4,3,11,3,9,13,5,5,11,9,2,3,Манчестер Юнайтед , Астон Вилла,0,1,2
717,47,53,7,7,4,2,3,5,12,9,6,4,9,11,1,0,Эвертон , Норвич,2,0,1
718,52,48,10,14,4,6,6,8,19,12,5,6,10,17,1,1,Уотфорд , Ньюкасл,1,1,0
719,67,33,11,7,5,3,6,4,10,8,8,4,8,10,1,4,Лестер , Бернли,2,2,0
720,53,47,9,16,5,7,4,9,10,6,5,7,5,10,2,0,Лидс , Вест Хэм,1,2,2
721,33,67,10,12,4,6,6,6,8,7,2,11,7,8,4,4,Брентфорд , Ливерпуль,3,3,0
722,57,43,11,3,6,3,5,0,12,8,5,5,8,11,3,1,Саутгемптон , Вулверхэмптон,0,1,2
723,47,53,11,9,7,4,4,5,12,13,4,4,12,12,2,4,Арсенал , Тоттенхэм,3,1,1
724,47,53,5,6,3,4,2,2,12,10,6,5,9,11,1,0,Кристал Пэлас , Брайтон,1,1,0
725,71,29,12,8,6,2,6,6,10,9,10,1,9,10,2,2,Манчестер Юнайтед , Эвертон,1,1,0
726,51,49,6,5,3,2,3,3,15,5,0,4,5,15,2,1,Вулверхэмптон , Ньюкасл,2,1,1
727,56,44,7,4,4,2,3,2,13,3,9,5,3,13,2,1,Бернли , Норвич,0,0,0
728,61,39,15,5,9,2,6,3,11,13,7,2,13,11,1,0,Челси , Саутгемптон,3,1,1
729,66,34,14,3,4,1,10,2,10,16,6,3,15,9,0,0,Лидс , Уотфорд,1,0,1
730,58,42,14,7,2,2,12,5,8,5,8,5,5,8,1,1,Брайтон , Арсенал,0,0,0
731,59,41,11,9,5,6,6,3,16,13,11,6,13,16,2,1,Вест Хэм , Брентфорд,1,2,2
732,60,40,13,7,4,5,9,2,15,11,1,3,11,15,2,1,Кристал Пэлас , Лестер,2,2,0
733,56,44,14,8,8,3,6,5,11,14,5,8,14,11,0,1,Тоттенхэм , Астон Вилла,2,1,1
734,49,51,4,7,4,3,0,4,10,12,3,4,12,10,2,5,Ливерпуль , Манчестер Сити,2,2,0
735,24,76,5,14,2,8,3,6,4,10,1,9,10,4,8,2,Уотфорд , Ливерпуль,0,5,2
736,46,54,17,2,5,0,12,2,16,14,8,1,14,15,1,2,Саутгемптон , Лидс,1,0,1
737,49,51,17,15,11,6,6,9,5,17,4,3,17,5,2,3,Лестер , Манчестер Юнайтед,4,2,1
738,49,51,12,7,5,4,7,3,8,17,6,7,17,8,1,2,Астон Вилла , Вулверхэмптон,2,3,2
739,70,30,11,6,6,2,5,4,11,5,6,2,5,10,0,3,Манчестер Сити , Бернли,2,0,1
740,36,64,8,7,3,3,5,4,5,14,8,4,14,5,0,0,Норвич , Брайтон,0,0,0
741,44,56,10,4,7,1,3,3,13,8,5,5,8,13,1,4,Брентфорд , Челси,0,1,2
742,39,61,11,8,2,4,9,4,3,3,7,9,2,3,0,2,Эвертон , Вест Хэм,0,1,2
743,36,64,5,7,1,4,4,3,13,4,2,9,4,13,0,1,Ньюкасл , Тоттенхэм,2,3,2
744,53,47,13,9,6,6,7,3,7,4,6,4,3,7,0,3,Арсенал , Кристал Пэлас,2,2,0
745,53,47,17,7,9,4,8,3,17,10,7,4,10,16,1,0,Арсенал , Астон Вилла,3,1,1
746,61,39,20,2,13,1,7,1,14,16,5,0,14,13,1,0,Челси , Норвич,7,0,1
747,75,25,9,5,3,2,6,3,13,9,3,7,9,13,2,3,Кристал Пэлас , Ньюкасл,1,1,0
748,63,37,13,6,4,4,9,2,15,14,6,3,12,15,1,1,Лидс , Вулверхэмптон,1,1,0
749,50,50,10,15,4,8,6,7,9,13,3,5,12,8,1,0,Эвертон , Уотфорд,2,5,2
750,61,39,11,8,4,5,7,3,10,11,6,2,10,10,1,1,Саутгемптон , Бернли,2,2,0
751,48,52,9,17,5,14,4,3,10,6,7,6,6,9,2,1,Брайтон , Манчестер Сити,1,4,2
752,38,62,9,6,4,4,5,2,11,4,2,4,3,10,1,0,Вест Хэм , Тоттенхэм,1,0,1
753,54,46,11,9,5,6,6,3,13,7,9,2,7,13,3,1,Брентфорд , Лестер,1,2,2
754,37,63,10,13,4,8,6,5,10,8,6,3,8,10,7,0,Манчестер Юнайтед , Ливерпуль,0,5,2
755,64,36,13,6,8,5,5,1,8,11,7,6,11,8,2,1,Лестер , Арсенал,0,2,2
756,21,79,3,12,1,6,2,6,14,12,0,2,11,13,1,4,Ньюкасл , Челси,0,3,2
757,39,61,10,7,4,1,6,6,16,6,5,8,6,16,2,0,Уотфорд , Саутгемптон,0,1,2
758,67,33,7,7,3,3,4,4,11,11,7,1,10,11,2,5,Манчестер Сити , Кристал Пэлас,0,2,2
759,41,59,15,8,6,5,9,3,7,10,4,2,10,7,3,4,Бернли , Брентфорд,3,1,1
760,58,42,8,8,3,6,5,2,8,5,5,3,5,7,1,5,Ливерпуль , Брайтон,2,2,0
761,58,42,6,6,0,4,6,2,12,14,10,2,14,12,4,1,Тоттенхэм , Манчестер Юнайтед,0,3,2
762,48,52,9,8,3,6,6,2,14,23,5,0,23,13,0,0,Норвич , Лидс,1,2,2
763,43,57,8,13,3,8,5,5,7,13,3,6,13,7,2,0,Астон Вилла , Вест Хэм,1,4,2
764,62,38,7,10,4,5,3,5,10,8,4,3,8,10,1,2,Вулверхэмптон , Эвертон,2,1,1
765,56,44,7,10,3,3,4,7,12,12,10,8,12,12,0,2,Саутгемптон , Астон Вилла,1,0,1
766,33,67,4,12,1,5,3,7,9,12,1,9,12,9,4,1,Манчестер Юнайтед , Манчестер Сити,0,2,2
767,64,36,12,8,7,5,5,3,12,13,6,2,13,12,2,3,Брентфорд , Норвич,1,2,2
768,69,31,14,4,4,2,10,2,6,9,14,2,9,6,1,4,Челси , Бернли,1,1,0
769,59,41,11,4,6,2,5,2,14,13,4,6,13,13,1,1,Кристал Пэлас , Вулверхэмптон,2,0,1
770,65,35,11,5,5,1,6,4,16,10,2,5,9,15,1,1,Брайтон , Ньюкасл,1,1,0
771,60,40,11,3,6,1,5,2,6,19,4,2,19,6,3,3,Арсенал , Уотфорд,1,0,1
772,55,45,14,9,5,3,9,6,12,5,10,5,5,12,1,2,Лидс , Лестер,1,1,0
773,45,55,6,4,2,0,4,4,13,17,4,2,17,13,1,2,Эвертон , Тоттенхэм,0,0,0
774,31,69,5,10,3,5,2,5,11,6,3,2,6,9,2,0,Вест Хэм , Ливерпуль,3,2,1
775,39,61,4,14,3,7,1,7,15,8,3,5,8,15,3,4,Лестер , Челси,0,3,2
776,52,48,18,8,9,4,9,4,13,11,8,2,11,12,0,2,Ньюкасл , Брентфорд,3,3,0
777,37,63,6,2,5,2,1,0,7,13,5,7,13,7,1,0,Астон Вилла , Брайтон,2,0,1
778,40,60,13,14,9,8,4,6,14,15,3,6,15,14,1,0,Бернли , Кристал Пэлас,3,3,0
779,52,48,12,6,5,3,7,3,6,9,7,3,8,6,0,1,Вулверхэмптон , Вест Хэм,1,0,1
780,39,61,13,8,7,3,6,5,7,5,9,3,5,7,1,4,Уотфорд , Манчестер Юнайтед,4,1,1
781,37,63,6,9,4,5,2,4,8,9,5,7,9,8,0,1,Норвич , Саутгемптон,2,1,1
782,62,38,12,3,9,3,3,0,15,12,6,1,11,15,2,8,Ливерпуль , Арсенал,4,0,1
783,77,23,13,1,7,1,6,0,5,7,7,1,7,5,0,2,Манчестер Сити , Эвертон,3,0,1
784,44,56,7,14,4,7,3,7,11,12,4,8,12,11,4,1,Тоттенхэм , Лидс,2,1,1
785,65,35,18,7,6,5,12,2,6,12,4,4,12,5,0,3,Арсенал , Ньюкасл,2,0,1
786,63,37,7,8,3,3,4,5,12,10,7,3,10,11,1,0,Кристал Пэлас , Астон Вилла,1,2,2
787,64,36,15,4,6,3,9,1,7,14,5,7,14,7,2,2,Ливерпуль , Саутгемптон,4,0,1
788,44,56,11,5,4,2,7,3,11,10,4,3,10,11,1,0,Норвич , Вулверхэмптон,0,0,0
789,56,44,18,9,4,4,14,5,12,14,6,1,14,12,2,1,Брайтон , Лидс,0,0,0
790,40,60,6,9,4,5,2,4,8,11,3,3,11,8,0,3,Брентфорд , Эвертон,1,0,1
791,56,44,12,13,8,5,4,8,5,20,8,6,18,5,5,2,Лестер , Уотфорд,4,2,1
792,68,32,15,4,9,3,6,1,7,6,8,4,6,7,4,4,Манчестер Сити , Вест Хэм,2,1,1
793,65,35,16,3,6,2,10,1,13,14,15,2,14,13,2,1,Челси , Манчестер Юнайтед,1,1,0
794,32,68,7,11,1,6,6,5,8,11,2,5,10,8,0,3,Ньюкасл , Норвич,1,1,0
795,61,39,6,5,3,1,3,4,15,15,7,4,14,15,2,0,Лидс , Кристал Пэлас,1,0,1
796,45,55,11,12,7,6,4,6,14,11,2,4,11,14,1,2,Саутгемптон , Лестер,2,2,0
797,50,50,10,7,6,4,4,3,18,16,6,0,16,18,3,5,Уотфорд , Челси,1,2,2
798,35,65,12,7,6,3,6,4,10,8,9,5,7,10,1,0,Вест Хэм , Брайтон,1,1,0
799,65,35,11,4,2,1,9,3,5,7,5,5,6,5,1,3,Вулверхэмптон , Бернли,0,0,0
800,32,68,4,12,2,7,2,5,8,16,3,11,15,4,3,1,Эвертон , Ливерпуль,1,4,2
801,36,64,6,12,3,7,3,5,8,12,4,11,11,8,1,0,Астон Вилла , Манчестер Сити,1,2,2
802,47,53,9,5,6,2,3,3,13,11,11,5,11,13,0,0,Тоттенхэм , Брентфорд,2,0,1
803,45,55,13,13,10,8,3,5,9,10,3,8,10,8,0,1,Манчестер Юнайтед , Арсенал,3,2,1
804,37,63,11,11,5,7,6,4,10,10,1,9,9,10,3,1,Вест Хэм , Челси,3,2,1
805,45,55,10,8,4,4,6,4,15,12,6,2,12,15,0,0,Саутгемптон , Брайтон,1,1,0
806,33,67,3,13,1,5,2,8,4,7,2,8,7,4,7,1,Вулверхэмптон , Ливерпуль,0,1,2
807,48,52,8,6,4,1,4,5,11,9,10,3,9,11,0,1,Ньюкасл , Бернли,1,0,1
808,23,77,10,21,4,13,6,8,11,7,5,11,7,11,0,1,Уотфорд , Манчестер Сити,1,3,2
809,41,59,15,7,7,1,8,6,11,4,6,4,4,11,2,4,Тоттенхэм , Норвич,3,0,1
810,61,39,10,5,3,2,7,3,16,9,9,6,9,16,3,0,Манчестер Юнайтед , Кристал Пэлас,1,0,1
811,63,37,10,5,6,3,4,2,11,9,5,1,8,11,7,0,Лидс , Брентфорд,2,2,0
812,42,58,8,10,4,5,4,5,8,25,3,6,25,8,1,0,Астон Вилла , Лестер,2,1,1
813,37,63,8,7,5,3,3,4,8,12,3,3,12,8,5,1,Эвертон , Арсенал,2,1,1
814,63,37,9,5,5,2,4,3,12,18,8,2,18,12,1,0,Брентфорд , Уотфорд,2,1,1
815,71,29,18,2,10,1,8,1,12,5,14,1,4,10,1,0,Манчестер Сити , Вулверхэмптон,1,0,1
816,57,43,11,6,6,5,5,1,9,15,5,2,15,9,1,4,Челси , Лидс,3,2,1
817,62,38,13,2,5,0,8,2,13,6,11,3,6,13,2,1,Ливерпуль , Астон Вилла,1,0,1
818,61,39,12,8,5,6,7,2,5,9,9,8,8,5,3,1,Арсенал , Саутгемптон,3,0,1
819,48,52,6,9,5,5,1,4,6,17,8,6,17,6,0,1,Норвич , Манчестер Юнайтед,0,1,2
820,41,59,6,11,1,3,5,8,13,11,6,14,9,12,1,1,Бернли , Вест Хэм,0,0,0
821,48,52,7,6,5,3,2,3,9,16,4,6,15,9,0,1,Лестер , Ньюкасл,4,0,1
822,61,39,11,7,6,6,5,1,15,14,8,2,13,15,1,0,Кристал Пэлас , Эвертон,3,1,1
823,50,50,4,9,3,6,1,3,12,9,7,10,9,12,0,0,Норвич , Астон Вилла,0,2,2
824,64,36,24,5,15,3,9,2,5,9,6,2,9,5,1,0,Манчестер Сити , Лидс,7,0,1
825,59,41,9,7,2,5,7,2,11,15,7,4,15,11,1,1,Брайтон , Вулверхэмптон,0,1,2
826,59,41,8,11,6,4,2,7,16,20,4,6,20,14,1,3,Кристал Пэлас , Саутгемптон,2,2,0
827,56,44,13,4,8,1,5,3,9,9,5,2,9,7,0,0,Арсенал , Вест Хэм,2,0,1
828,80,20,20,4,10,3,10,1,11,11,7,1,10,11,0,2,Челси , Эвертон,1,1,0
829,74,26,17,5,8,3,9,2,9,4,11,0,4,9,2,1,Ливерпуль , Ньюкасл,3,1,1
830,50,50,8,15,2,12,6,3,11,7,1,4,6,11,0,1,Лидс , Арсенал,1,4,2
831,29,71,5,15,1,7,4,8,9,6,3,6,6,8,4,2,Ньюкасл , Манчестер Сити,0,4,2
832,37,63,2,2,1,1,1,1,9,7,4,9,5,9,2,4,Вулверхэмптон , Челси,0,0,0
833,44,56,8,12,5,6,3,6,12,11,6,4,11,11,3,1,Тоттенхэм , Ливерпуль,2,2,0
834,71,29,12,13,9,8,3,5,11,9,14,4,9,11,2,1,Манчестер Сити , Лестер,6,3,1
835,36,64,3,10,2,6,1,4,13,7,3,5,7,13,3,2,Норвич , Арсенал,0,5,2
836,59,41,12,2,6,0,6,2,16,9,4,2,9,15,1,0,Тоттенхэм , Кристал Пэлас,3,0,1
837,55,45,8,8,5,6,3,2,10,9,10,2,9,10,2,1,Вест Хэм , Саутгемптон,2,3,2
838,43,57,3,7,1,4,2,3,8,11,2,5,11,8,2,2,Астон Вилла , Челси,1,3,2
839,50,50,12,12,5,6,7,6,8,10,6,9,9,8,2,3,Брайтон , Брентфорд,2,0,1
840,32,68,11,7,8,4,3,3,11,8,2,3,8,11,2,3,Ньюкасл , Манчестер Юнайтед,1,1,0
841,50,50,12,5,6,3,6,2,9,13,8,8,13,9,1,3,Кристал Пэлас , Норвич,3,0,1
842,43,57,10,9,5,6,5,3,12,12,4,5,11,12,0,1,Уотфорд , Вест Хэм,1,4,2
843,35,65,5,16,2,11,3,5,15,5,3,7,3,15,3,3,Саутгемптон , Тоттенхэм,1,1,0
844,37,63,3,16,1,4,2,12,8,11,1,12,10,8,3,1,Лестер , Ливерпуль,1,0,1
845,48,52,8,14,5,6,3,8,14,7,10,8,7,12,1,0,Челси , Брайтон,1,1,0
846,24,76,4,8,2,3,2,5,12,10,3,5,10,12,0,3,Брентфорд , Манчестер Сити,0,1,2
847,57,43,15,7,6,3,9,4,5,10,7,5,10,5,2,4,Манчестер Юнайтед , Бернли,3,1,1
848,49,51,9,20,4,10,5,10,6,12,3,8,12,5,1,0,Лестер , Тоттенхэм,2,3,2
849,44,56,13,7,9,5,4,2,7,9,6,9,7,6,3,0,Брентфорд , Манчестер Юнайтед,1,3,2
850,49,51,10,4,6,4,4,0,9,8,5,2,8,9,0,1,Саутгемптон , Брентфорд,4,1,1
851,61,39,10,6,5,3,5,3,9,8,11,2,8,9,4,3,Вест Хэм , Норвич,2,0,1
852,29,71,6,8,2,2,4,6,13,5,5,5,4,12,1,2,Арсенал , Манчестер Сити,1,2,2
853,26,74,6,15,4,9,2,6,6,9,3,7,9,6,1,3,Уотфорд , Тоттенхэм,0,1,2
854,62,38,17,9,6,5,11,4,6,16,9,1,15,4,0,2,Кристал Пэлас , Вест Хэм,2,3,2
855,46,54,10,11,4,5,6,6,17,11,3,7,11,17,0,4,Брентфорд , Астон Вилла,2,1,1
856,55,45,13,6,7,2,6,4,11,7,9,3,7,11,5,1,Лидс , Бернли,3,1,1
857,50,50,13,8,6,5,7,3,5,12,8,5,12,4,1,1,Эвертон , Брайтон,2,3,2
858,55,45,11,8,6,6,5,2,5,13,6,7,13,5,3,3,Челси , Ливерпуль,2,2,0
859,51,49,6,13,2,6,4,7,9,8,3,8,8,9,2,3,Манчестер Юнайтед , Вулверхэмптон,0,1,2
860,63,37,14,2,4,1,10,1,11,7,9,0,7,10,1,2,Брайтон , Кристал Пэлас,1,1,0
861,55,45,9,3,6,1,3,2,11,6,9,1,6,11,3,4,Манчестер Сити , Челси,1,0,1
862,43,57,8,13,5,10,3,3,13,14,2,10,14,12,2,1,Вулверхэмптон , Саутгемптон,3,1,1
863,52,48,9,11,1,5,8,6,13,13,4,6,12,13,1,1,Ньюкасл , Уотфорд,1,1,0
864,41,59,9,6,3,5,6,1,12,14,8,8,14,11,3,1,Норвич , Эвертон,2,1,1
865,54,46,13,10,9,6,4,4,8,13,3,6,13,8,1,1,Астон Вилла , Манчестер Юнайтед,2,2,0
866,48,52,11,14,5,5,6,9,6,9,4,3,9,6,1,1,Вест Хэм , Лидс,2,3,2
867,68,32,21,4,13,1,8,3,6,6,9,0,5,6,2,7,Ливерпуль , Брентфорд,3,0,1
868,68,32,11,4,4,2,7,2,16,11,5,1,11,16,1,1,Уотфорд , Норвич,0,3,2
869,50,50,8,7,1,3,7,4,14,16,9,2,16,13,3,1,Эвертон , Астон Вилла,0,1,2
870,50,50,6,5,1,2,5,3,6,7,6,3,7,6,0,4,Брентфорд , Вулверхэмптон,1,2,2
871,63,37,8,7,4,3,4,4,9,9,6,7,8,9,0,0,Лидс , Ньюкасл,0,1,2
872,56,44,12,4,3,1,9,3,9,8,3,3,8,9,4,1,Манчестер Юнайтед , Вест Хэм,1,0,1
873,26,74,6,13,3,5,3,8,13,5,2,11,4,13,2,0,Саутгемптон , Манчестер Сити,1,1,0
874,44,56,8,13,5,7,3,6,12,10,2,5,10,11,5,2,Кристал Пэлас , Ливерпуль,1,3,2
875,75,25,13,7,5,1,8,6,9,13,12,4,12,8,0,2,Арсенал , Бернли,0,0,0
876,44,56,8,9,5,5,3,4,6,8,4,5,8,6,3,3,Лестер , Брайтон,1,1,0
877,64,36,12,5,7,3,5,2,17,14,10,3,14,17,0,1,Челси , Тоттенхэм,2,0,1
878,44,56,5,8,2,3,3,5,8,5,5,7,5,6,1,0,Брайтон , Челси,1,1,0
879,35,65,10,9,4,2,6,7,8,8,3,7,8,8,3,2,Бернли , Тоттенхэм,1,0,1
880,51,49,9,9,2,5,7,4,16,9,4,7,8,16,3,0,Бернли , Уотфорд,0,0,0
881,50,50,11,9,7,3,4,6,8,10,10,2,9,8,1,1,Манчестер Юнайтед , Брайтон,2,0,1
882,46,54,5,7,1,5,4,2,12,9,6,4,8,12,2,1,Уотфорд , Кристал Пэлас,1,4,2
883,63,37,20,3,15,2,5,1,5,11,4,0,10,5,1,6,Ливерпуль , Лидс,6,0,1
884,55,45,16,6,5,2,11,4,8,9,5,4,8,8,2,2,Арсенал , Вулверхэмптон,2,1,1
885,40,60,15,6,9,3,6,3,13,13,6,2,12,13,1,1,Ньюкасл , Эвертон,3,1,1
886,64,36,7,5,3,1,4,4,1,6,5,6,6,1,3,1,Вест Хэм , Уотфорд,1,0,1
887,36,64,8,10,3,5,5,5,11,10,2,10,10,10,2,1,Бернли , Манчестер Юнайтед,1,1,0
888,48,52,5,20,3,10,2,10,7,13,2,8,13,7,3,1,Тоттенхэм , Саутгемптон,2,3,2
889,75,25,13,4,7,2,6,2,7,13,9,3,12,6,2,10,Манчестер Сити , Брентфорд,2,0,1
890,29,71,3,9,1,5,2,4,11,16,4,6,15,11,1,2,Норвич , Кристал Пэлас,1,1,0
891,40,60,10,13,4,8,6,5,11,9,6,11,9,10,1,2,Астон Вилла , Лидс,3,3,0
892,58,42,11,5,4,2,7,3,12,13,7,4,13,12,1,2,Вулверхэмптон , Арсенал,0,1,2
893,65,35,18,4,11,1,7,3,11,7,7,6,6,11,3,4,Ливерпуль , Лестер,2,0,1
894,52,48,10,10,8,4,2,6,12,13,1,4,11,12,7,1,Манчестер Юнайтед , Саутгемптон,1,1,0
895,42,58,12,4,10,0,2,4,8,9,5,3,9,8,1,0,Эвертон , Лидс,3,0,1
896,36,64,6,8,1,6,5,2,16,9,4,5,7,16,1,1,Уотфорд , Брайтон,0,2,2
897,43,57,7,5,2,3,5,2,10,10,3,9,10,10,0,0,Брентфорд , Кристал Пэлас,0,0,0
898,29,71,7,17,3,9,4,8,7,8,4,12,7,6,2,2,Норвич , Манчестер Сити,0,4,2
899,37,63,6,7,2,1,4,6,22,15,3,6,15,21,3,2,Ньюкасл , Астон Вилла,1,0,1
900,58,42,12,8,7,7,5,1,13,13,7,3,13,12,3,1,Тоттенхэм , Вулверхэмптон,0,2,2
901,33,67,8,9,5,4,3,5,7,6,5,8,6,6,7,3,Бернли , Ливерпуль,0,1,2
902,55,45,9,5,2,3,7,2,10,9,5,4,8,10,0,0,Лестер , Вест Хэм,2,2,0
903,47,53,5,8,3,3,2,5,3,7,3,7,7,3,2,1,Вест Хэм , Ньюкасл,1,1,0
904,66,34,16,3,8,2,8,1,10,5,14,0,4,9,1,2,Арсенал , Брентфорд,2,1,1
905,55,45,16,5,11,0,5,5,6,9,4,4,9,6,4,2,Саутгемптон , Эвертон,2,0,1
906,43,57,5,6,0,3,5,3,4,20,4,4,19,4,1,3,Кристал Пэлас , Челси,0,1,2
907,69,31,19,5,8,1,11,4,7,8,9,4,8,6,1,5,Ливерпуль , Норвич,3,1,1
908,68,32,7,6,1,4,6,2,12,12,4,4,12,11,1,3,Брайтон , Бернли,0,3,2
909,59,41,12,7,1,4,11,3,12,7,10,5,7,12,0,0,Астон Вилла , Уотфорд,0,1,2
910,71,29,15,6,4,5,11,1,5,7,10,0,6,5,1,3,Манчестер Сити , Тоттенхэм,2,3,2
911,54,46,12,11,6,9,6,2,13,19,3,3,18,13,4,2,Лидс , Манчестер Юнайтед,2,4,2
912,37,63,8,13,3,7,5,6,12,9,7,10,9,11,2,2,Вулверхэмптон , Лестер,2,1,1
913,58,42,21,4,9,1,12,3,12,9,13,6,9,11,2,1,Саутгемптон , Норвич,2,0,1
914,50,50,13,13,3,11,10,2,16,11,3,6,11,16,0,3,Лидс , Тоттенхэм,0,4,2
915,38,62,4,21,1,11,3,10,9,7,6,6,6,8,0,0,Брентфорд , Ньюкасл,0,2,2
916,59,41,6,3,4,1,2,2,5,16,5,4,16,5,0,2,Кристал Пэлас , Бернли,1,1,0
917,67,33,15,7,3,2,12,5,2,7,4,3,7,2,2,2,Манчестер Юнайтед , Уотфорд,0,0,0
918,66,34,7,6,1,4,6,2,17,11,7,2,11,16,0,0,Брайтон , Астон Вилла,0,2,2
919,33,67,5,11,2,8,3,3,7,14,3,4,14,7,4,2,Эвертон , Манчестер Сити,0,1,2
920,39,61,12,5,4,1,8,4,8,2,3,5,2,7,2,1,Вест Хэм , Вулверхэмптон,1,0,1
921,49,51,7,11,0,7,7,4,11,9,6,3,9,11,3,1,Брайтон , Тоттенхэм,0,2,2
922,65,35,9,5,5,0,4,5,11,10,5,2,9,10,1,4,Вулверхэмптон , Уотфорд,4,0,1
923,50,50,3,11,1,9,2,2,17,11,3,5,11,17,3,5,Лидс , Астон Вилла,0,3,2
924,39,61,6,12,3,6,3,6,13,11,5,7,11,12,1,1,Эвертон , Ньюкасл,1,0,1
925,67,33,9,5,5,4,4,1,6,7,12,5,7,5,1,1,Саутгемптон , Ньюкасл,1,2,2
926,45,55,6,12,2,6,4,6,10,13,6,8,13,10,4,3,Бернли , Лестер,0,2,2
927,49,51,5,5,2,3,3,2,9,9,1,6,9,7,4,2,Арсенал , Ливерпуль,0,2,2
928,51,49,4,13,4,4,0,9,9,12,5,10,12,9,2,0,Лестер , Лидс,1,0,1
929,39,61,13,8,9,1,4,7,10,8,4,7,8,10,0,1,Астон Вилла , Саутгемптон,4,0,1
930,64,36,9,9,5,8,4,1,13,8,7,7,8,12,1,8,Вулверхэмптон , Кристал Пэлас,0,2,2
931,33,67,8,7,4,4,4,3,8,10,4,7,9,8,0,4,Ньюкасл , Брайтон,2,1,1
932,59,41,10,7,7,6,3,1,13,18,5,5,16,12,1,3,Норвич , Брентфорд,1,3,2
933,28,72,3,5,1,5,2,0,12,7,5,2,7,12,1,1,Бернли , Челси,0,4,2
934,68,32,15,10,5,5,10,5,7,7,4,6,7,7,1,4,Ливерпуль , Вест Хэм,1,0,1
935,43,57,10,13,7,4,3,9,5,12,1,5,12,5,2,0,Уотфорд , Арсенал,2,3,2
936,69,31,16,3,10,2,6,1,10,14,9,3,14,9,0,1,Манчестер Сити , Манчестер Юнайтед,4,1,1
937,55,45,12,2,7,0,5,2,15,10,5,2,9,15,0,1,Тоттенхэм , Эвертон,5,0,1
938,51,49,7,15,3,9,4,6,12,15,7,6,13,11,1,1,Брайтон , Ливерпуль,0,2,2
939,54,46,7,6,4,1,3,5,6,10,2,9,10,6,4,4,Брентфорд , Бернли,2,0,1
940,44,56,9,5,6,3,3,2,8,7,4,5,6,7,0,2,Манчестер Юнайтед , Тоттенхэм,3,2,1
941,38,62,7,8,2,3,5,5,13,11,5,2,11,12,7,0,Эвертон , Вулверхэмптон,0,1,2
942,48,52,9,9,4,7,5,2,9,3,5,7,3,8,0,0,Вест Хэм , Астон Вилла,2,1,1
943,62,38,12,8,7,5,5,3,8,12,11,3,11,7,0,0,Саутгемптон , Уотфорд,1,2,2
944,72,28,7,7,3,2,4,5,17,17,7,2,17,16,3,6,Челси , Ньюкасл,1,0,1
945,52,48,12,8,7,4,5,4,18,8,6,2,8,18,2,3,Лидс , Норвич,2,1,1
946,46,54,12,4,8,3,4,1,8,10,2,6,9,7,2,0,Арсенал , Лестер,2,0,1
947,27,73,6,13,1,4,5,9,6,11,2,6,11,6,2,3,Кристал Пэлас , Манчестер Сити,0,0,0
948,34,66,7,12,3,7,4,5,8,15,3,8,13,8,2,1,Норвич , Челси,1,3,2
949,48,52,12,13,8,6,4,7,13,14,2,5,14,13,1,3,Вулверхэмптон , Лидс,2,3,2
950,47,53,7,6,1,3,6,3,13,14,6,5,14,12,1,1,Астон Вилла , Арсенал,0,1,2
951,52,48,10,9,4,6,6,3,10,10,2,5,10,10,2,3,Лестер , Брентфорд,2,1,1
952,52,48,12,6,4,1,8,5,7,7,5,3,7,7,1,0,Тоттенхэм , Вест Хэм,3,1,1
953,37,63,11,4,3,3,8,1,8,17,5,4,17,8,0,1,Эвертон , Лестер,1,1,0
954,50,50,10,8,4,4,6,4,11,16,9,6,15,11,1,0,Бернли , Эвертон,3,2,1
955,68,32,7,11,2,4,5,7,7,6,6,1,4,7,1,4,Челси , Арсенал,2,4,2
956,71,29,11,1,5,1,6,0,3,6,10,2,6,3,3,2,Ливерпуль , Манчестер Юнайтед,4,0,1
957,37,63,7,8,4,2,3,6,12,12,2,5,12,12,2,3,Ньюкасл , Кристал Пэлас,1,0,1
958,65,35,9,2,5,1,4,1,12,7,7,4,7,12,1,2,Манчестер Сити , Брайтон,3,0,1
959,43,57,10,7,6,3,4,4,7,7,10,10,7,7,3,2,Бернли , Саутгемптон,2,0,1
960,73,27,13,4,3,2,10,2,9,8,9,3,8,9,1,3,Ливерпуль , Уотфорд,2,0,1
961,24,76,3,15,1,6,2,9,11,6,1,8,5,11,5,0,Бернли , Манчестер Сити,0,2,2
962,63,37,22,3,4,0,18,3,12,11,11,2,9,11,1,1,Брайтон , Норвич,0,0,0
963,70,30,17,11,8,6,9,5,11,7,12,7,7,10,0,0,Челси , Брентфорд,1,4,2
964,49,51,9,12,5,5,4,7,15,8,4,9,8,15,1,1,Вулверхэмптон , Астон Вилла,2,1,1
965,55,45,5,10,3,6,2,4,14,7,4,7,7,14,0,0,Лидс , Саутгемптон,1,1,0
966,53,47,10,9,5,3,5,6,13,6,6,5,6,13,4,1,Манчестер Юнайтед , Лестер,1,1,0
967,55,45,9,8,5,2,4,6,9,12,2,4,11,9,1,1,Вест Хэм , Эвертон,2,1,1
968,60,40,14,4,6,1,8,3,10,7,2,3,7,10,0,4,Тоттенхэм , Ньюкасл,5,1,1
969,32,68,6,11,5,3,1,8,11,15,0,2,14,10,2,4,Кристал Пэлас , Арсенал,3,0,1
970,42,58,7,4,4,2,3,2,6,13,1,2,13,6,1,0,Ньюкасл , Вулверхэмптон,1,0,1
971,33,67,5,5,3,4,2,1,4,10,5,7,8,4,1,2,Эвертон , Манчестер Юнайтед,1,0,1
972,29,71,1,22,1,14,0,8,11,10,3,3,10,11,0,1,Саутгемптон , Челси,0,6,2
973,49,51,8,10,1,5,7,5,8,12,3,8,12,8,3,1,Уотфорд , Лидс,0,3,2
974,64,36,9,7,4,3,5,4,12,19,11,2,17,10,2,2,Арсенал , Брайтон,1,2,2
975,51,49,13,6,8,5,5,1,12,14,9,3,14,12,1,2,Астон Вилла , Тоттенхэм,0,4,2
976,45,55,12,13,6,4,6,9,12,10,6,7,9,12,3,3,Норвич , Бернли,2,0,1
977,50,50,6,6,3,3,3,3,11,12,3,4,12,11,0,0,Лестер , Кристал Пэлас,2,1,1
978,48,52,10,4,7,1,3,3,2,6,4,6,5,2,1,2,Брентфорд , Вест Хэм,2,0,1
979,55,45,9,6,5,4,4,2,9,11,4,1,10,8,5,2,Манчестер Сити , Ливерпуль,2,2,0
980,49,51,3,10,0,5,3,5,14,10,4,4,10,13,0,3,Тоттенхэм , Брайтон,0,1,2
981,50,50,13,12,4,5,9,7,11,9,6,5,8,11,0,0,Уотфорд , Брентфорд,1,2,2
982,60,40,14,11,9,4,5,7,8,6,6,7,6,8,3,0,Манчестер Юнайтед , Норвич,3,2,1
983,25,75,4,18,3,6,1,12,6,6,6,8,6,6,2,0,Саутгемптон , Арсенал,1,0,1
984,32,68,15,4,7,2,8,2,10,10,3,5,9,10,1,0,Ньюкасл , Лестер,2,1,1
985,61,39,16,7,8,1,8,6,9,11,13,4,10,9,1,1,Вест Хэм , Бернли,1,1,0
986,54,46,12,11,7,5,5,6,9,12,1,7,12,8,2,2,Арсенал , Манчестер Юнайтед,3,1,1
987,64,36,5,7,2,3,3,4,15,16,7,6,16,14,0,1,Лестер , Астон Вилла,0,0,0
988,46,54,5,13,2,7,3,6,11,10,2,3,10,11,1,0,Норвич , Ньюкасл,0,3,2
989,74,26,15,4,8,2,7,2,9,7,11,4,7,9,0,2,Манчестер Сити , Уотфорд,5,1,1
990,44,56,8,4,2,0,6,4,8,7,12,8,6,8,1,1,Брентфорд , Тоттенхэм,0,0,0
991,36,64,10,5,5,4,5,1,8,7,3,6,7,6,5,2,Бернли , Вулверхэмптон,1,0,1
992,66,34,14,4,5,2,9,2,11,9,3,1,8,10,2,2,Челси , Вест Хэм,1,0,1
993,49,51,5,11,5,5,0,6,12,7,6,6,6,12,2,3,Брайтон , Саутгемптон,2,2,0
994,82,18,15,5,4,1,11,4,8,8,13,1,7,7,1,0,Ливерпуль , Эвертон,2,0,1
995,52,48,13,6,7,2,6,4,12,13,6,3,13,12,1,1,Кристал Пэлас , Лидс,0,0,0
996,34,66,3,20,2,10,1,10,11,11,0,6,9,11,9,1,Ньюкасл , Ливерпуль,0,1,2
997,47,53,10,11,1,6,9,5,13,9,5,6,9,13,1,0,Уотфорд , Бернли,1,2,2
998,50,50,6,13,1,9,5,4,6,4,7,3,4,5,1,1,Вулверхэмптон , Брайтон,0,3,2
999,46,54,14,9,6,3,8,6,16,8,2,3,8,16,3,0,Астон Вилла , Норвич,2,0,1
1000,39,61,6,8,3,5,3,3,13,11,6,7,9,13,0,4,Саутгемптон , Кристал Пэлас,1,2,2
1001,41,59,3,12,2,6,1,6,13,3,3,6,3,13,3,1,Лидс , Манчестер Сити,0,4,2
1002,36,64,4,15,3,6,1,9,9,12,2,9,10,9,2,3,Манчестер Юнайтед , Челси,1,1,0
1003,71,29,16,7,9,5,7,2,11,20,13,6,20,10,1,0,Астон Вилла , Бернли,1,1,0
1004,64,36,13,9,8,5,5,4,10,5,10,2,5,10,1,0,Лестер , Норвич,3,0,1
1005,57,43,11,7,6,5,5,2,8,15,2,2,15,8,1,0,Тоттенхэм , Арсенал,3,0,1
1006,67,33,12,2,7,1,5,1,13,7,6,0,7,13,1,1,Челси , Лестер,1,1,0
1007,49,51,5,9,0,5,5,4,5,12,1,13,12,5,1,1,Уотфорд , Эвертон,0,0,0
1008,40,60,9,14,4,6,5,8,10,12,2,3,12,9,3,2,Астон Вилла , Ливерпуль,1,2,2
1009,33,67,4,14,0,4,4,10,10,14,1,5,13,9,0,3,Лидс , Челси,0,3,2
1010,34,66,6,14,3,5,3,9,2,11,6,2,9,2,2,3,Вулверхэмптон , Манчестер Сити,1,5,2
1011,44,56,10,7,6,5,4,2,9,12,4,5,11,9,0,3,Эвертон , Кристал Пэлас,3,2,1
1012,40,60,11,5,7,2,4,3,13,8,7,3,8,13,2,0,Тоттенхэм , Лестер,3,1,1
1013,22,78,8,12,4,5,4,7,9,12,3,8,11,9,0,2,Эвертон , Челси,1,0,1
1014,56,44,4,11,3,7,1,4,7,9,3,7,7,6,1,0,Вест Хэм , Арсенал,1,2,2
1015,64,36,8,9,5,4,3,5,4,6,3,8,6,4,3,2,Манчестер Юнайтед , Брентфорд,3,0,1
1016,41,59,13,14,5,4,8,10,12,9,4,7,9,12,0,2,Брентфорд , Саутгемптон,3,0,1
1017,59,41,14,13,6,4,8,9,7,11,9,3,11,7,2,1,Челси , Вулверхэмптон,2,2,0
1018,49,51,13,9,6,7,7,2,13,11,4,5,11,13,1,2,Бернли , Астон Вилла,1,3,2
1019,67,33,11,3,7,1,4,2,11,18,8,5,16,11,2,0,Кристал Пэлас , Уотфорд,1,0,1
1020,42,58,13,12,6,5,7,7,13,9,7,6,9,12,3,3,Брайтон , Манчестер Юнайтед,4,0,1
1021,64,36,9,5,3,3,6,2,12,8,11,5,7,12,0,0,Ливерпуль , Тоттенхэм,1,1,0
1022,37,63,4,8,2,5,2,3,7,7,9,5,6,5,2,3,Норвич , Вест Хэм,0,4,2
1023,63,37,17,2,9,2,8,0,13,15,8,2,14,12,1,0,Арсенал , Лидс,2,1,1
1024,66,34,15,7,9,4,6,3,11,6,6,1,6,11,2,0,Лестер , Эвертон,1,2,2
1025,71,29,17,6,9,3,8,3,6,11,8,2,11,6,1,4,Манчестер Сити , Ньюкасл,5,0,1
1026,68,32,15,7,8,1,7,6,12,8,8,2,7,12,1,2,Тоттенхэм , Бернли,1,0,1
1027,49,51,9,10,4,4,5,6,11,15,1,5,15,9,1,0,Астон Вилла , Кристал Пэлас,1,1,0
1028,41,59,13,13,5,7,8,6,4,6,7,3,6,4,3,2,Уотфорд , Лестер,1,5,2
1029,64,36,11,10,4,2,7,8,5,10,5,3,10,5,0,0,Вулверхэмптон , Норвич,1,1,0
1030,22,78,5,18,2,8,3,10,9,5,4,9,5,9,1,0,Вест Хэм , Манчестер Сити,2,2,0
1031,50,50,15,13,5,6,10,7,16,8,8,1,7,16,1,1,Лидс , Брайтон,1,1,0
1032,28,72,10,17,5,7,5,10,8,8,5,2,7,8,2,1,Эвертон , Брентфорд,2,3,2
1033,50,50,11,6,4,2,7,4,11,8,12,8,8,11,6,1,Ньюкасл , Арсенал,2,0,1
1034,30,70,2,15,2,5,0,10,6,6,1,9,5,6,0,2,Саутгемптон , Ливерпуль,1,2,2
1035,41,59,5,17,0,13,5,4,13,7,3,2,6,13,0,4,Норвич , Тоттенхэм,0,5,2
1036,62,38,15,7,8,5,7,2,6,3,5,3,2,5,3,1,Ливерпуль , Вулверхэмптон,3,1,1
1037,50,50,10,7,6,2,4,5,10,5,3,3,5,9,1,3,Лестер , Саутгемптон,4,1,1
1038,39,61,6,6,3,4,3,2,12,22,3,6,22,12,2,4,Кристал Пэлас , Манчестер Юнайтед,1,0,1
1039,51,49,9,8,5,6,4,2,8,9,8,2,9,7,5,0,Бернли , Ньюкасл,1,2,2
1040,71,29,15,3,5,2,10,1,5,11,13,1,11,5,1,2,Манчестер Сити , Астон Вилла,3,2,1
1041,50,50,11,4,7,2,4,2,9,9,5,6,9,8,0,0,Брайтон , Вест Хэм,3,1,1
1042,73,27,17,5,9,2,8,3,8,9,12,2,7,8,2,0,Арсенал , Эвертон,5,1,1
1043,49,51,12,12,5,6,7,6,11,13,3,2,13,9,0,2,Брентфорд , Лидс,1,2,2
1044,71,29,14,5,8,3,6,2,9,9,3,3,8,8,0,2,Челси , Уотфорд,2,1,1
